#{"t_start": 1585371445.6654086, "env_id": "CarlaGymEnv-v95"}
r,l,t,max index
40.181605,60,5.214398,12
21.484371,45,7.262431,12
43.286592,72,10.49437,24
20.592259,35,12.065306,24
27.445157,45,14.054445,24
24.502204,39,15.810885,24
30.01273,54,18.220966,24
27.614779,41,20.070404,24
17.700923,32,21.52477,24
21.517723,40,23.310694,24
25.70006,40,25.118456,24
18.71286,30,26.46018,24
46.279716,65,29.342712,24
24.119431,38,31.021626,24
27.04683,46,33.07342,24
14.452306,30,34.3945,24
20.758045,33,35.85435,24
28.762335,42,37.70283,24
28.170602,41,39.522783,24
25.594006,47,41.61466,24
35.489161,54,44.02219,24
21.216552,39,45.786528,24
30.023317,47,47.930497,24
22.883665,39,49.474358,24
21.118178,36,51.070525,24
35.598175,56,53.558533,24
18.739725,37,55.21463,24
20.139136,34,56.764825,24
23.368777,36,58.382513,24
44.695661,61,61.142564,24
23.053095,37,62.786479,24
14.791382,28,64.050546,24
19.619564,33,65.538466,24
34.026765,50,67.802694,24
24.688515,40,69.58658,24
14.184812,27,70.792524,24
14.139515,27,71.990473,24
17.730425,30,73.338517,24
18.765098,31,74.740854,24
16.397352,28,75.986448,24
26.578937,39,77.730521,24
24.377829,41,79.568854,24
15.139812,28,80.810484,24
15.007311,31,82.201454,24
15.945787,29,83.482733,24
21.777053,34,85.03442,24
15.473199,29,86.322473,24
35.530355,68,89.382631,24
14.248583,27,90.574477,24
25.292302,42,92.450558,24
17.596181,33,93.924863,24
20.68859,33,95.40628,24
13.352587,25,96.537295,24
17.359581,29,97.824758,24
16.775607,30,99.192789,24
46.357577,66,102.142461,24
40.998113,67,105.174516,24
14.65336,27,106.387134,24
18.763928,34,107.924779,24
11.381356,23,108.943264,24
18.506117,30,110.274514,24
30.542372,45,112.322718,24
29.869792,47,114.424816,24
30.900369,45,116.422451,24
18.822107,34,117.958714,24
23.678578,40,119.7384,24
15.795381,29,121.030655,24
37.167849,51,123.330523,24
38.219623,57,125.924151,24
12.814243,26,127.094549,24
23.872181,37,128.750523,24
30.624851,58,131.354198,24
28.143907,68,134.367473,24
9.918567,21,135.293351,24
16.224662,32,136.70543,24
43.628846,80,140.282404,24
26.570616,46,142.340996,24
32.01147,55,144.80603,24
23.395674,44,146.756833,24
36.515453,54,149.158143,24
32.484758,51,151.426655,24
19.998381,33,152.882401,24
23.530784,37,154.554569,24
34.143341,55,157.026423,24
25.692408,40,158.828756,24
34.062004,49,161.046454,24
26.003276,46,163.104947,24
61.081115,94,167.318519,50
34.249669,48,169.493284,50
22.135315,35,171.074484,50
17.218484,31,172.468857,50
13.95583,25,173.58248,50
41.356696,60,176.282484,50
17.256086,30,177.638444,50
11.384902,23,178.678522,50
23.243454,43,180.644734,50
12.654413,25,181.770536,50
28.985788,45,183.796612,50
25.472158,42,185.686596,50
22.966524,38,187.411814,50
34.948893,51,189.674757,50
12.241388,25,190.806556,50
17.386465,30,192.145315,50
21.99658,42,193.99879,50
56.689277,84,197.72654,50
37.151249,54,200.150628,50
16.827566,30,201.500846,50
12.543555,23,202.517683,50
30.057418,52,204.838814,50
17.049582,32,206.282617,50
25.984074,40,208.080899,50
21.371332,36,209.666527,50
22.446579,37,211.314624,50
23.480042,35,212.886477,50
39.549733,53,215.280826,50
29.377851,45,217.302768,50
27.105202,42,219.200835,50
23.21185,41,221.054498,50
18.242085,34,222.586494,50
20.551672,33,224.066153,50
13.791506,26,225.222489,50
36.392301,60,227.926516,50
26.670578,42,229.838762,50
37.30882,53,232.254443,50
31.763655,50,234.519095,50
24.838137,49,236.694601,50
22.635049,41,238.508009,50
21.239867,40,240.302953,50
45.937105,73,243.594464,50
37.862036,58,246.206455,50
15.189798,28,247.478561,50
30.47799,52,249.85061,50
20.223911,36,251.442463,50
23.244678,35,252.990493,50
22.418878,35,254.538434,50
16.061036,27,255.730508,50
18.625075,31,257.098526,50
17.103623,30,258.430495,50
14.950601,27,259.632932,50
15.212183,28,260.890443,50
16.140226,29,262.190529,50
21.043839,33,263.716746,50
36.953288,66,266.690505,50
20.341124,40,268.478377,50
32.48133,48,270.624763,50
28.78881,47,272.714563,50
17.724204,32,274.126492,50
25.402676,41,275.962407,50
24.853998,44,277.982478,50
22.112981,35,279.566777,50
41.634811,74,282.888769,50
47.666575,74,286.1985,50
17.15677,32,287.618486,50
29.020709,58,290.236858,50
10.864144,23,291.246496,50
11.984596,27,292.454399,50
16.314507,32,293.908825,50
15.853199,31,295.286492,50
37.230656,63,298.10642,50
44.995634,65,301.026592,50
35.039386,67,304.08248,50
16.821701,30,305.420804,50
21.077717,50,307.666487,50
15.682595,32,309.0904,50
14.708641,27,310.306353,50
14.490635,28,311.560111,50
30.898374,61,314.254516,50
23.248818,43,316.194547,50
20.523488,40,318.00882,50
18.805522,33,319.496745,50
30.54239,44,321.446522,50
31.097501,47,323.56241,50
43.671599,64,326.450484,50
20.403692,38,328.166414,50
20.365584,36,329.778531,50
35.063825,56,332.290467,50
15.524898,36,333.901367,50
38.860798,64,336.766434,50
25.971416,39,338.498492,50
51.919064,84,342.236347,50
44.705851,77,345.714406,50
56.611822,85,349.550498,50
34.392721,49,351.746757,50
35.859673,52,354.070118,50
47.281772,78,357.596838,50
21.173896,45,359.610418,50
24.232783,41,361.458328,50
33.134849,55,363.932812,50
40.102414,60,366.634457,50
15.627725,27,367.830468,50
22.3715,37,369.478503,50
47.609635,79,373.078549,50
33.89949,50,375.342527,50
19.858851,33,376.822754,50
18.397184,35,378.406476,50
24.451611,39,380.146634,50
31.126986,47,382.28643,50
35.403421,51,384.566794,50
21.228896,39,386.314449,50
26.416256,45,388.322503,50
43.900635,63,391.168826,50
50.371039,74,394.466451,50
26.907629,42,396.338413,50
23.090217,44,398.306545,50
16.611108,31,399.6985,50
33.631104,50,401.926499,50
31.71192,49,404.1545,50
54.327662,73,407.478515,50
22.710823,38,409.200769,50
23.588299,39,410.992759,50
14.684184,31,412.363109,50
27.837402,44,414.350367,50
26.210849,39,416.116901,50
16.751558,30,417.464813,50
20.518631,35,419.060625,50
29.623939,49,421.24255,50
27.139934,45,423.274468,50
25.821047,43,425.194517,50
16.849992,31,426.598449,50
18.379814,30,427.934518,50
10.69502,22,428.918464,50
26.236525,40,430.734537,50
23.134605,41,432.546481,50
33.319527,50,434.810469,50
41.272632,58,437.434407,50
17.248792,30,438.754519,50
23.552592,42,440.678504,50
18.590368,40,442.474485,50
32.903767,75,445.818524,50
24.835932,49,448.05441,50
39.062919,59,450.700801,50
14.286207,28,451.973303,50
12.670663,24,453.040885,50
25.669237,40,454.826497,50
24.815665,44,456.798505,50
23.67964,50,459.026448,50
58.007217,81,462.69038,50
17.832786,32,464.114473,50
16.243941,35,465.684592,50
27.210779,43,467.614528,50
26.1558,42,469.530455,50
28.923003,57,472.082502,50
29.355648,55,474.518006,50
27.289472,42,476.414287,50
13.742972,27,477.62247,50
12.592284,25,478.740821,50
20.421164,31,480.156828,50
24.333639,39,481.914515,50
21.479971,36,483.526476,50
32.807681,48,485.690427,50
20.099229,38,487.398331,50
36.030826,59,490.026487,50
34.43963,55,492.470544,50
35.268519,54,494.870479,50
23.951686,40,496.642433,50
53.423508,78,500.142478,50
41.967791,60,502.84475,50
16.870339,33,504.322544,50
30.6745,47,506.430501,50
43.048563,80,510.042699,50
36.934694,61,512.766384,50
29.25754,46,514.80255,50
30.858579,55,517.262385,50
26.634783,42,519.122478,50
27.039027,43,521.06246,50
18.785676,32,522.494469,50
26.066886,48,524.658434,50
18.726378,33,526.15832,50
29.163487,43,528.102469,50
34.950078,51,530.414524,50
29.600103,46,532.490788,50
15.62867,29,533.790711,50
48.359786,72,537.018465,50
52.569573,71,540.194505,50
34.2529,59,542.834486,50
28.731222,56,545.342423,50
20.880791,47,547.434428,50
40.488509,69,550.552904,50
21.87481,36,552.178388,50
32.457282,59,554.888825,50
32.647812,51,557.154425,50
20.983576,34,558.709264,50
27.649583,43,560.620791,50
27.348171,43,562.556879,50
38.809252,63,565.390835,50
34.961124,52,567.714462,50
30.718841,51,570.012856,50
20.97403,38,571.714517,50
40.358361,58,574.310422,50
34.792893,57,576.8681,50
27.328152,46,578.992119,50
22.028224,38,580.666438,50
23.222441,42,582.538428,50
27.54798,44,584.520766,50
49.277854,77,587.990457,50
41.771025,66,590.926734,50
32.439186,50,593.16244,50
31.848702,54,595.576718,50
39.522732,70,598.748789,50
15.089307,33,600.258584,50
12.571653,23,601.296784,50
25.416008,48,603.478432,50
40.140248,58,606.084776,50
37.671026,59,608.754475,50
33.275055,63,611.578516,50
23.586146,37,613.240839,50
30.783696,50,615.498434,50
24.888328,43,617.410382,50
13.364774,28,618.638524,50
36.567712,53,621.0225,50
36.177,51,623.300866,50
44.33899,62,626.130392,50
45.575435,65,629.02885,50
68.545805,102,633.614509,50
31.78025,51,635.904974,50
28.411301,41,637.746332,50
33.391455,53,640.158465,50
24.440455,41,641.994396,50
39.747139,64,644.846556,50
29.712679,48,647.026536,50
31.362663,48,649.174427,50
32.486209,48,651.362301,50
30.091848,44,653.338417,50
39.617431,66,656.318332,50
53.356452,74,659.64643,50
36.037085,76,663.094533,50
41.420237,57,665.654516,50
31.155783,75,668.996789,50
14.921375,31,670.374475,50
41.526106,56,672.898394,50
50.319676,77,676.364778,50
35.890753,52,678.68084,50
26.340319,39,680.414435,50
24.950046,44,682.38649,50
27.279526,41,684.246469,50
36.88214,68,687.274454,50
30.220825,49,689.46641,50
21.232319,39,691.202421,50
32.843438,61,693.962461,50
31.551357,54,696.402515,50
26.614046,40,698.194342,50
37.856164,53,700.569291,50
38.842875,66,703.512762,50
27.646884,46,705.554427,50
39.655654,59,708.186455,50
31.495854,48,710.33044,50
22.336448,37,711.97844,50
48.169764,80,715.550455,50
50.511918,76,718.936864,50
45.369775,70,722.08642,50
32.187847,53,724.486527,50
47.83037,82,728.166486,50
54.59209,95,732.470406,50
37.229887,58,735.096712,50
32.970883,49,737.276741,50
34.906677,52,739.618516,50
23.593466,37,741.282488,50
56.620042,95,745.53035,50
23.018731,36,747.160949,50
40.497716,64,750.082316,50
37.134819,60,752.806533,50
28.194598,44,754.80079,50
42.422221,69,757.858461,50
40.708696,59,760.500749,50
41.046232,55,762.950505,50
37.935932,55,765.446455,50
40.66833,63,768.27847,50
19.941334,34,769.822418,50
53.604808,86,773.646751,50
38.820269,67,776.690624,50
33.341729,65,779.598595,50
25.076823,54,782.054435,50
48.750517,70,785.190533,50
51.761046,71,788.404857,50
34.221789,50,790.674469,50
44.439782,75,794.054518,50
47.666995,77,797.498471,50
55.404897,79,801.026409,50
60.125343,90,805.114691,50
34.410185,56,807.656747,50
51.761252,83,811.398516,50
50.923572,71,814.586458,50
45.420982,69,817.662444,50
41.78037,66,820.618444,50
40.948959,61,823.344791,50
47.55656,66,826.314463,50
36.932567,58,828.893817,50
48.49603,82,832.602452,50
37.970572,61,835.334535,50
46.520024,77,838.810503,50
29.234653,45,840.83679,50
50.10057,76,844.30651,50
46.711325,79,847.850515,50
26.503363,39,849.578418,50
34.441475,51,851.878355,50
55.221502,87,855.750488,50
44.92693,66,858.726527,50
61.233932,105,863.43844,50
39.508746,56,865.926386,50
28.528951,44,867.886478,50
63.953973,97,872.292848,50
58.816212,82,876.008944,50
38.453778,74,879.356781,50
53.005447,92,883.486449,50
25.997176,43,885.422503,50
28.892687,44,887.426518,50
30.023139,54,889.850469,50
29.486996,46,891.942471,50
53.639894,85,895.738478,50
51.70355,87,899.626477,50
27.916131,45,901.654524,50
44.077453,62,904.43682,50
44.348827,74,907.730515,50
43.528634,64,910.658395,50
32.917584,49,912.836885,50
29.122716,43,914.753531,50
42.003368,62,917.502449,50
35.251236,66,920.450441,50
21.082374,35,922.038714,50
36.877471,55,924.474451,50
32.269094,49,926.678564,50
59.831545,93,930.880805,50
43.739733,67,933.886395,50
46.212686,71,937.118466,50
40.250484,62,939.90532,50
46.626993,91,943.978341,50
35.196318,55,946.462391,50
15.426164,27,947.67845,50
38.019759,58,950.274461,50
41.978143,81,953.922524,50
49.955513,90,957.98087,50
48.119918,70,961.138832,50
59.635598,95,965.386465,50
65.491896,95,969.710583,50
45.817962,85,973.564735,50
54.337589,76,976.960877,50
75.352743,111,981.926487,50
47.467529,69,985.010479,50
46.791943,64,987.918518,50
35.292142,58,990.522469,50
41.749501,61,993.302494,50
38.724183,75,996.66643,50
66.843251,111,1001.638553,50
47.706416,78,1005.174402,50
59.386359,88,1009.13448,50
49.835728,68,1012.190377,50
61.683213,89,1016.214513,50
45.912073,67,1019.225377,50
50.934329,89,1023.254465,50
67.816994,95,1027.506529,50
74.550751,104,1032.170506,50
67.454239,106,1036.918468,50
58.778085,80,1040.506495,50
64.621617,96,1044.814485,50
50.920366,103,1049.496594,50
26.99306,41,1051.328738,50
43.506598,70,1054.48242,50
57.159426,83,1058.250639,50
62.280502,107,1063.130415,50
31.657534,49,1065.358435,50
20.442303,36,1066.974318,50
41.547483,72,1070.19044,50
58.628697,90,1074.262501,50
23.084361,38,1076.008861,50
33.878781,62,1078.782792,50
54.58958,81,1082.404113,50
50.602602,76,1085.81845,50
62.971181,95,1090.106514,50
48.385989,73,1093.378533,50
45.771436,78,1096.866507,50
54.204851,77,1100.366312,50
58.617962,80,1103.994512,50
38.205845,56,1106.552833,50
52.55466,85,1110.386492,50
55.870625,98,1114.801388,50
54.780298,88,1118.758655,50
53.109195,73,1122.014604,50
52.685789,82,1125.652777,50
65.464168,98,1130.076787,50
64.66285,100,1134.606539,50
52.941296,79,1138.206438,50
68.341601,117,1143.422456,50
37.125765,52,1145.734677,50
41.557621,75,1149.102784,50
76.458827,105,1153.806533,50
81.512298,131,1159.73283,50
57.105686,80,1163.318333,50
56.749715,88,1167.292785,50
55.951637,91,1171.386388,50
66.334016,92,1175.522734,50
67.401735,99,1179.956825,50
47.638875,74,1183.258388,50
53.042097,78,1186.802459,50
55.693263,93,1191.010453,50
76.563972,121,1196.498482,50
69.588423,106,1201.298762,50
50.441333,78,1204.818383,50
76.760257,106,1209.608707,50
97.951913,157,1216.702361,59
80.575852,113,1221.808784,59
72.218645,104,1226.466514,59
49.678403,78,1229.966614,59
46.358304,67,1232.998449,59
68.258303,100,1237.505922,59
71.345351,106,1242.274458,59
90.585183,141,1248.662511,59
60.893056,87,1252.614508,59
97.074039,160,1259.75038,59
74.797431,106,1264.514457,59
66.872072,92,1268.638363,59
60.027544,103,1273.274467,59
106.436539,150,1279.958494,59
76.121373,120,1285.310451,59
86.705525,120,1290.716854,59
66.600486,96,1295.066428,59
60.746098,87,1299.006521,59
32.598642,56,1301.532828,59
52.416489,70,1304.716861,59
33.505607,48,1306.850456,59
44.089431,64,1309.674516,59
65.339711,90,1313.714475,59
87.522238,138,1319.874537,59
59.415102,87,1323.782442,59
88.166084,158,1330.854488,65
90.230606,153,1337.754474,65
97.180205,137,1343.926456,65
86.231963,126,1349.620865,65
88.599312,127,1355.312782,65
104.666842,160,1362.523996,65
69.948834,104,1367.194469,65
54.702506,75,1370.572794,65
59.859949,85,1374.454631,65
84.07582,117,1379.698525,65
88.016567,138,1385.890475,65
50.253928,85,1389.769227,65
79.330444,114,1394.864784,65
61.039264,96,1399.162334,65
88.293316,139,1405.422425,65
82.613793,123,1410.993298,65
59.467995,84,1414.758424,65
91.137866,126,1420.402457,65
73.364907,134,1426.416814,65
53.885077,84,1430.174344,65
99.820732,145,1436.654507,65
111.698984,173,1444.408824,74
83.663114,139,1450.696856,74
96.60859,151,1457.482466,74
101.388183,161,1464.742454,74
62.783785,107,1469.558459,74
75.852055,131,1475.470463,74
44.230997,69,1478.562421,74
67.102867,107,1483.380863,74
70.68929,102,1487.928753,74
77.879877,125,1493.514471,74
111.412156,170,1501.106735,74
107.143951,166,1508.59489,74
105.373846,165,1516.024821,74
90.342196,157,1523.104729,74
79.830595,130,1528.922379,74
84.436417,145,1535.398419,74
108.421404,170,1543.090418,74
110.824006,165,1550.5265,74
106.455751,166,1557.910432,74
107.541508,169,1565.478572,74
55.732419,76,1568.920842,74
28.731251,46,1570.994472,74
34.388751,61,1573.728784,74
109.405105,162,1580.965285,74
42.558456,66,1583.882435,74
79.964207,121,1589.296765,74
86.083164,137,1595.442443,74
166.193622,241,1606.242446,104
140.281531,209,1615.654492,104
31.108669,52,1617.994428,104
140.545604,207,1627.2705,104
115.497134,185,1635.574477,104
76.639894,108,1640.386384,104
28.011674,47,1642.498446,104
21.880785,39,1644.226462,104
102.616414,182,1652.426509,104
72.022669,116,1657.578522,104
156.130209,229,1667.866547,104
82.598046,132,1673.794456,104
90.828602,129,1679.606547,104
128.876411,179,1687.698574,104
132.641521,198,1696.590315,104
78.499527,121,1702.018409,104
159.887739,222,1712.030743,104
146.853929,217,1721.865287,104
58.300869,93,1726.046483,104
139.834392,225,1736.154329,104
145.091291,201,1745.158486,104
147.612329,223,1755.230692,104
149.252135,232,1765.690411,104
139.16262,195,1774.462537,104
128.961023,195,1783.17844,104
147.647194,216,1792.828795,104
169.784005,242,1803.652921,104
139.62713,221,1813.530601,104
152.466869,215,1823.210473,104
162.590885,248,1834.330495,104
146.122757,240,1845.078472,104
43.523546,64,1847.96248,104
54.622393,80,1851.582417,104
138.526183,227,1861.64657,104
153.735594,213,1871.164765,104
166.343804,244,1882.114867,104
178.001626,260,1893.678501,104
97.976333,149,1900.350344,104
135.080274,189,1908.742744,104
169.291595,232,1919.062574,104
172.503586,269,1930.990444,104
107.478431,171,1938.646858,104
172.436522,277,1951.058414,105
163.694095,259,1962.669873,105
171.183545,250,1973.854897,105
143.332803,218,1983.606458,105
141.477848,201,1992.634986,105
150.473435,244,2003.508928,110
136.00689,216,2013.110592,110
169.093958,271,2025.25441,110
112.423811,178,2033.326386,110
147.755812,217,2043.046434,110
55.512566,80,2046.634347,110
163.831477,242,2057.490704,110
180.111586,276,2069.862521,110
80.468159,121,2075.362483,110
197.030954,304,2088.984792,129
164.752352,286,2101.778355,129
143.916796,222,2111.722782,129
134.18372,189,2120.184748,129
120.749471,166,2127.586622,129
135.112301,223,2137.548817,129
173.08437,255,2149.012791,129
123.493745,172,2156.728738,129
172.528234,253,2168.094458,129
38.67509,61,2170.854396,129
160.640981,236,2181.498401,129
192.477514,284,2194.222506,129
188.278457,277,2206.64155,129
164.942202,251,2217.922466,129
60.871766,91,2222.000814,129
53.957444,83,2225.71829,129
119.908015,182,2233.926286,129
195.704942,286,2246.676742,129
107.29371,160,2253.830512,129
108.566133,159,2260.996852,129
175.370887,275,2273.349385,129
50.24258,73,2276.630414,129
177.31529,251,2287.934576,129
156.826934,225,2297.98232,129
60.226246,94,2302.25503,129
161.898154,239,2312.970543,129
41.841681,67,2315.982584,129
84.811195,141,2322.302756,129
171.427283,252,2333.566484,129
140.400187,193,2342.214486,129
160.669243,241,2353.006377,129
77.97783,119,2358.322617,129
171.604754,250,2369.466435,129
143.613493,240,2380.174401,129
189.633737,277,2392.537366,129
40.885716,64,2395.418471,129
157.221124,269,2407.53461,129
182.465384,251,2418.762531,129
192.944876,267,2430.714426,129
185.027263,259,2442.388892,129
176.48998,242,2453.266682,129
140.786462,218,2462.966528,129
165.801277,256,2474.370442,129
167.825609,268,2486.385017,129
179.110297,297,2499.708759,129
153.151602,236,2510.320871,129
183.582376,265,2522.186423,129
173.48132,246,2533.216774,129
107.720645,174,2540.986529,129
141.096043,250,2552.165009,129
123.706593,195,2560.862435,129
154.642296,221,2570.78639,129
106.18119,148,2577.514547,129
145.746369,220,2587.322452,129
105.189959,160,2594.537322,129
148.302193,220,2604.366566,129
162.049277,251,2615.650418,129
139.551257,225,2625.678531,129
133.900609,200,2634.58638,129
156.468945,243,2645.49287,129
139.093056,198,2654.376863,129
127.023686,194,2663.026409,129
39.402004,68,2666.086508,129
166.474495,267,2678.066362,129
167.890801,252,2689.383306,129
157.269026,229,2699.692905,129
162.311548,254,2711.138407,129
50.242887,70,2714.278398,129
150.038119,240,2725.05446,129
203.665019,308,2738.878604,129
182.205574,303,2752.440762,129
175.190276,285,2765.274254,129
184.515569,273,2777.526315,129
171.281324,262,2789.294512,129
185.949756,281,2801.917887,129
72.741586,110,2806.886272,129
112.900874,193,2815.534222,129
25.294125,54,2817.966435,129
125.270431,210,2827.349824,129
106.021706,153,2834.242316,129
29.51858,59,2836.898354,129
38.716325,63,2839.744822,129
104.644376,191,2848.338439,129
206.186524,316,2862.498544,129
212.451994,309,2876.352818,129
145.701244,213,2885.868951,129
88.84841,141,2892.104802,129
187.009477,286,2904.958528,129
202.346568,339,2920.102668,129
194.983614,286,2932.942331,129
165.67092,266,2944.826441,129
160.100567,268,2956.788788,129
94.736062,134,2962.754721,129
185.603217,279,2975.190359,129
114.213908,171,2982.850425,129
202.854911,328,2997.577309,129
32.993938,51,2999.858444,129
181.938522,274,3012.118501,129
202.041182,308,3025.8424,129
37.146398,62,3028.594489,129
101.528389,147,3035.166416,129
47.563533,74,3038.498255,129
149.556655,236,3049.110699,129
102.699226,156,3056.102438,129
197.066743,288,3068.96079,129
192.849388,277,3081.362318,129
107.614821,168,3088.860267,129
117.214001,177,3096.770402,129
138.554685,196,3105.508972,129
145.400274,207,3114.744859,129
208.675584,297,3128.026878,129
200.509496,286,3140.862592,129
138.93106,213,3150.378442,129
209.600381,319,3164.650702,129
176.634125,262,3176.36185,129
179.609256,291,3189.330402,129
196.556038,288,3202.180814,129
191.125572,269,3214.138726,129
219.388239,324,3228.538374,129
215.591343,327,3243.130383,129
192.164744,291,3256.142425,129
203.569109,293,3269.17445,129
53.240908,83,3272.871199,129
50.175674,91,3276.938422,129
182.656626,312,3290.878451,129
207.577111,315,3304.926329,129
135.835292,194,3313.640794,129
143.59597,236,3324.138281,129
148.185207,231,3334.536783,129
226.801931,344,3349.947428,129
142.506161,223,3359.918292,129
231.805184,332,3374.792853,129
209.85616,319,3389.066437,129
54.219226,82,3392.758425,129
135.545199,191,3401.222577,129
94.29415,145,3407.7147,129
54.000672,82,3411.34643,129
207.60699,345,3426.71439,129
135.867016,193,3435.302385,129
217.742834,339,3450.414398,129
52.187545,87,3454.296763,129
197.607239,319,3468.64074,129
203.34335,278,3480.986452,129
117.289352,162,3488.210605,129
40.085089,62,3491.010495,129
206.05491,304,3504.706445,129
228.2792,334,3519.714335,129
186.126644,275,3532.124163,129
115.304132,171,3539.818669,129
248.702896,349,3555.422569,129
257.767915,376,3572.174915,129
217.742865,325,3586.70878,129
232.207334,347,3602.298635,129
230.023122,334,3617.326337,129
230.868381,345,3632.808801,129
242.886507,347,3648.346434,129
230.366498,358,3664.254344,129
229.450907,353,3680.05019,129
119.173046,204,3689.114381,129
229.095846,356,3705.126371,129
230.740702,354,3721.022326,129
54.50975,98,3725.470588,129
237.577188,350,3741.222369,129
244.434609,355,3757.098594,129
233.484219,348,3772.68246,129
200.27092,314,3786.79034,129
225.725954,339,3802.126359,129
213.88717,356,3818.106329,129
222.99628,359,3834.210344,129
139.713358,210,3843.590456,129
247.215067,367,3860.078363,129
246.140204,369,3876.606368,130
225.162882,341,3891.862295,130
49.018705,81,3895.49037,130
243.144021,377,3912.338354,130
220.967793,333,3927.202518,130
229.524053,350,3942.848552,130
251.830478,386,3960.172736,135
229.558471,338,3975.310442,135
39.846718,63,3978.132674,135
238.042744,352,3993.896762,135
233.088299,347,4009.466467,135
249.569608,376,4026.286315,135
262.827935,393,4043.978486,135
254.96047,375,4060.808759,135
218.434029,366,4077.236883,135
242.791798,363,4093.45842,135
258.076898,378,4110.448764,135
260.314705,380,4127.506553,135
224.784609,391,4145.102535,135
247.126913,375,4161.926498,135
241.561679,367,4178.246345,135
261.91802,391,4195.850449,139
226.946773,368,4212.277275,139
149.961878,224,4222.306405,139
247.709586,378,4239.262337,139
253.230268,406,4257.394508,139
247.209692,385,4274.778334,139
160.042945,239,4285.476826,139
238.011491,358,4301.522298,139
270.867072,406,4319.794417,141
245.922185,375,4336.530401,141
240.438721,355,4352.426416,141
257.097666,376,4369.342693,141
239.066208,375,4386.216755,141
257.557799,382,4403.314488,141
178.20861,270,4415.51053,141
249.569054,381,4432.554387,141
114.923922,184,4440.806475,141
268.530594,397,4458.554398,141
265.917232,396,4476.250378,141
250.919888,374,4493.142433,141
257.440265,376,4510.126084,141
250.026556,360,4526.290321,141
248.77747,390,4543.806392,141
227.087388,365,4560.310384,141
263.324463,395,4578.086513,141
234.780579,368,4594.658576,141
48.015685,97,4599.036721,141
135.117439,211,4608.510304,141
259.506325,389,4625.91202,141
132.376986,209,4635.354409,141
235.404722,381,4652.414432,141
253.86856,381,4669.474428,141
234.345515,378,4686.538477,141
248.958171,374,4703.34236,141
106.697137,170,4710.920657,141
238.665728,369,4727.508761,141
201.209073,296,4740.802425,141
260.960432,394,4758.438408,141
30.392963,49,4760.634439,141
244.883189,389,4778.1012,141
259.270059,373,4794.874365,141
260.212304,373,4811.658429,141
253.693196,382,4828.826635,141
223.388179,365,4845.148497,141
253.85149,373,4861.826434,141
192.935161,311,4875.774397,141
166.140119,256,4887.294373,141
253.750382,372,4904.038394,141
252.580501,387,4921.442367,141
251.812757,360,4937.621789,141
250.400107,373,4954.362464,141
265.00123,401,4972.338382,141
242.358861,347,4987.854568,141
265.78372,401,5005.91437,141
261.815366,401,5024.078469,141
254.351761,392,5041.634417,141
274.570538,414,5060.258439,144
250.648648,387,5077.662446,144
265.337048,395,5095.434399,144
262.289668,379,5112.526568,144
237.832491,352,5128.274382,144
233.361515,374,5145.124752,144
38.204431,65,5148.094333,144
166.893264,256,5159.610349,144
252.258014,390,5177.140785,144
210.546881,319,5191.486203,144
250.781916,371,5208.210408,144
262.323997,390,5225.772771,145
278.760444,443,5245.654507,155
268.341758,438,5265.326377,155
265.447999,395,5283.146398,155
274.129088,407,5301.552774,155
247.818637,378,5318.432636,155
262.134035,405,5336.618414,155
278.149297,430,5355.84479,155
278.275842,430,5375.230478,158
293.227161,427,5394.436794,161
223.930081,349,5410.074518,161
294.728304,438,5429.742368,161
292.766285,442,5449.524682,161
315.909077,464,5470.368361,166
286.043868,428,5489.674489,166
254.994074,390,5507.108671,166
278.438631,428,5526.370398,166
256.145836,415,5544.960753,166
240.570678,373,5561.730437,166
263.972901,407,5579.932734,166
269.479056,408,5598.302481,166
303.26674,439,5618.010486,166
291.85511,422,5636.994373,166
23.098064,39,5638.752847,166
270.764679,397,5656.622481,166
266.256408,411,5675.098429,166
269.865659,421,5694.050437,166
289.172833,400,5712.030309,166
276.021979,413,5730.618313,166
267.993707,404,5748.895546,166
250.215771,384,5766.254426,166
298.057316,432,5785.618406,166
262.503786,394,5803.462556,166
265.964325,419,5822.394302,166
277.39612,403,5840.514532,166
31.351692,51,5842.798451,166
305.174186,432,5862.226456,166
263.599286,378,5879.145816,166
277.250978,397,5896.95881,166
276.580093,400,5914.966378,166
182.691136,275,5927.336696,166
268.739842,389,5944.666375,166
269.609733,408,5962.946405,166
285.346842,405,5981.161259,166
290.265578,411,5999.658334,166
99.927674,160,6006.838237,166
266.597124,381,6024.105297,166
295.603904,419,6042.90073,166
296.431237,442,6062.738411,166
111.143084,171,6070.47839,166
291.380975,442,6090.378358,166
222.218626,329,6105.090393,166
244.761314,373,6121.746325,166
230.515115,334,6136.840758,166
190.765101,287,6149.68469,166
265.946481,389,6167.099536,166
58.629092,85,6170.918355,166
258.071156,370,6187.534441,166
282.32646,448,6207.666412,166
267.385825,414,6226.190319,166
261.511946,385,6243.590522,166
268.16176,385,6260.894473,166
289.414084,427,6280.042458,166
291.958599,413,6298.706408,166
286.109646,425,6317.746391,166
281.859555,417,6336.506392,166
264.759684,384,6353.902522,166
261.400736,392,6371.462342,166
167.39079,242,6382.296829,166
296.852651,441,6402.126291,166
122.373093,191,6410.660834,166
189.817023,286,6423.57041,166
260.030852,408,6441.984751,166
275.204376,420,6460.791516,166
289.428137,430,6480.114347,166
303.486939,438,6499.850416,166
265.948429,406,6518.006302,166
286.678587,406,6536.33042,166
289.244603,435,6555.858441,166
257.945439,398,6573.65847,166
265.272517,404,6591.860805,166
288.513807,428,6611.086323,166
294.02067,427,6630.262464,166
287.043106,408,6648.598285,166
36.543679,65,6651.518259,166
304.019339,434,6671.060888,166
290.592396,447,6691.046403,166
281.24965,402,6709.107011,166
277.824115,420,6727.926337,166
292.678661,435,6747.362512,166
279.43686,430,6766.614407,166
295.156922,436,6786.170238,166
252.48102,369,6802.742542,166
258.474435,406,6821.06591,166
230.455819,360,6837.15458,166
301.958523,436,6856.718534,166
282.404774,417,6875.348734,166
272.51007,401,6893.262293,166
284.423633,426,6912.338424,166
282.577234,424,6931.432786,166
259.011114,393,6949.021262,166
247.399568,366,6965.453775,166
294.945011,435,6985.090436,166
285.375883,440,7004.902383,166
295.668329,452,7025.166375,166
225.3312,338,7040.45852,166
76.691174,127,7046.158326,166
288.184496,437,7065.818531,166
286.320101,426,7084.962425,166
283.948748,423,7103.938509,166
277.408438,422,7122.890383,166
282.223985,414,7141.518363,166
288.589261,424,7160.566323,166
302.054038,448,7180.646446,166
299.105532,443,7200.572732,166
279.31815,431,7219.960767,166
273.979604,416,7238.674371,166
307.165599,459,7259.182373,166
311.554342,454,7279.642481,167
285.87867,420,7298.546459,167
288.225832,435,7318.140784,167
296.665049,448,7338.398309,167
258.158873,412,7356.986449,167
297.656451,428,7376.418621,167
286.907187,409,7395.04075,167
320.114854,458,7415.77282,167
280.351715,408,7434.126456,167
290.48461,426,7453.298515,167
293.457958,411,7471.833287,167
302.049766,441,7491.682369,167
30.624397,50,7493.930538,167
298.56398,432,7513.510691,167
278.662671,389,7531.0225,167
256.073345,387,7548.474517,167
263.397938,394,7566.234674,167
277.581201,422,7585.298347,167
297.197,416,7604.176721,167
278.294797,419,7623.176647,167
141.637245,205,7632.458297,167
287.399132,428,7651.816795,167
296.987833,439,7671.634305,167
289.197261,431,7691.158636,167
302.739464,429,7710.530484,167
277.17903,435,7730.250277,167
311.212164,476,7751.680845,167
292.362518,441,7771.502345,167
306.720434,444,7791.620679,167
283.681662,422,7810.618429,167
252.942196,409,7829.130637,167
294.71127,444,7849.086451,167
304.933485,457,7869.726252,167
280.984263,413,7888.302442,167
260.495374,397,7906.134494,167
304.256388,454,7926.690619,167
232.545628,337,7941.758411,167
280.529793,416,7960.501236,167
289.084109,452,7980.904142,167
290.817365,425,8000.062426,167
295.577658,426,8019.390462,167
308.310744,463,8040.222402,167
289.396453,435,8059.844765,167
250.756718,367,8076.258427,167
277.760202,414,8094.894353,167
309.463813,443,8114.870354,167
298.422693,443,8134.834331,167
314.273993,460,8155.650416,167
308.256767,445,8175.644846,167
310.904186,444,8195.6785,167
296.629004,436,8215.306741,167
228.093616,338,8230.500754,167
285.647455,446,8250.598323,167
290.426248,423,8269.690388,167
303.767707,435,8289.405273,167
281.988441,412,8307.938372,167
291.867787,438,8327.632811,167
291.917769,443,8347.514416,167
272.092769,420,8366.49435,167
297.043157,434,8386.042064,167
283.960354,429,8405.380715,167
283.263083,410,8423.930609,167
300.253957,434,8443.474463,167
289.980486,420,8462.518446,167
299.572854,436,8482.206299,167
85.148071,123,8487.746452,167
280.423984,419,8506.638341,167
289.61055,433,8526.202423,167
38.412302,68,8529.270417,167
266.030396,402,8547.309926,167
282.999531,438,8566.986406,167
291.154743,440,8586.760094,167
292.925416,437,8606.40241,167
279.158799,406,8624.774411,167
291.448867,428,8644.030356,167
297.398,434,8663.610374,167
295.954974,415,8682.202433,167
283.764573,421,8701.194461,167
292.000449,410,8719.650405,167
287.674738,426,8738.812636,167
307.57264,438,8758.566316,167
294.680968,450,8778.698385,167
311.860121,451,8799.022342,167
298.916082,450,8819.322413,167
300.957447,423,8838.410407,167
271.409943,421,8857.330465,167
299.633891,421,8876.372739,167
261.537302,383,8893.61848,167
262.269651,381,8910.778421,167
264.258828,395,8928.600735,167
87.439596,126,8934.27066,167
271.346873,422,8953.122365,167
306.981953,441,8972.952223,167
304.771497,422,8991.924687,167
306.443877,458,9012.526289,167
218.124525,313,9026.630361,167
289.053159,441,9046.480748,167
60.792026,88,9050.420897,167
316.785994,474,9071.790508,167
304.75791,437,9091.38233,167
307.788977,456,9111.892856,167
294.871791,418,9130.646325,167
270.525226,392,9148.206329,167
298.801174,447,9168.330395,167
299.773597,457,9188.842304,167
241.091095,391,9206.434395,167
244.885229,388,9223.886292,167
258.955018,406,9242.12242,167
277.763813,421,9261.096735,167
260.075508,389,9278.578358,167
41.363747,76,9282.028075,167
293.513622,433,9301.560751,167
297.673225,451,9321.782393,167
284.611799,419,9340.510347,167
303.089995,438,9360.094383,167
301.995395,430,9379.338343,167
280.607478,411,9397.738427,167
326.075585,464,9418.478335,167
266.307623,386,9435.766372,167
286.546681,431,9454.998481,167
316.183231,453,9475.382582,167
95.055549,134,9481.418414,167
280.218092,411,9499.80478,167
293.641964,426,9518.844186,167
262.841553,413,9537.454398,167
302.891991,456,9557.894382,167
322.83835,480,9579.478424,170
275.923326,441,9599.210409,170
292.643676,452,9619.398547,170
319.022976,458,9639.850319,170
330.818895,477,9661.191457,170
300.933217,434,9680.718418,170
280.84179,407,9699.010371,170
299.16053,458,9719.574334,170
280.599054,428,9738.846307,170
299.047463,443,9758.758357,170
317.356598,489,9780.662378,170
299.478363,455,9801.098679,170
287.469792,423,9820.078341,170
310.242979,450,9840.330285,170
247.65723,382,9857.518474,170
291.017678,424,9876.506444,170
265.802649,386,9893.946421,170
305.727681,446,9914.046332,170
286.288658,415,9932.56629,170
306.180633,461,9953.350403,170
286.243595,421,9972.225287,170
321.715053,463,9993.030413,170
321.188543,469,10014.190451,170
310.159009,455,10034.638479,170
286.521255,425,10053.858374,170
310.708977,452,10074.110333,170
307.798897,457,10094.654449,170
282.283212,437,10114.162352,170
25.311277,43,10116.066292,170
274.585684,406,10134.350338,170
304.240326,441,10154.094643,170
311.722632,467,10175.170754,170
295.254073,432,10194.606431,170
301.549018,467,10215.718472,170
313.360683,475,10237.034465,170
309.9841,466,10257.966299,170
317.047554,474,10279.312769,170
317.50043,476,10300.660404,170
312.385003,478,10322.182454,170
309.181052,479,10343.72485,170
293.515384,456,10364.246848,170
295.683945,458,10384.84232,170
294.881106,436,10404.458442,170
273.712994,426,10423.606413,170
296.367909,449,10443.705157,170
301.531782,462,10464.453303,170
317.595115,456,10484.966479,170
305.185677,447,10504.974416,170
307.412838,462,10525.866584,170
319.361372,471,10547.050334,170
257.120544,382,10564.186428,170
331.683197,471,10585.262313,170
234.234294,351,10601.078582,170
260.959933,386,10618.386362,170
269.655361,396,10636.170445,170
270.007812,403,10654.254255,170
318.675801,476,10675.616559,170
330.631516,491,10697.712867,170
308.36094,454,10717.982541,170
294.844848,435,10737.490428,170
321.204849,452,10757.761438,170
322.605936,466,10778.846644,170
304.42217,444,10798.60906,170
327.451596,483,10820.203903,170
301.755189,436,10839.515168,170
321.346759,475,10860.70666,170
312.257132,452,10881.028794,170
290.705947,407,10899.038455,170
291.222975,424,10917.978979,170
312.381828,466,10938.878562,170
311.81295,455,10959.268869,170
335.045005,480,10980.830634,170
261.584639,381,10997.970552,170
326.824633,482,11019.546568,170
281.976525,415,11038.152754,170
285.674944,426,11057.08082,170
308.558955,452,11077.057848,170
331.447039,488,11098.6168,170
308.523186,449,11118.470945,170
311.538888,471,11139.500674,170
305.256511,468,11160.51046,170
360.609888,525,11184.088809,176
305.273845,436,11203.692913,176
297.525563,427,11222.764907,176
307.534594,455,11243.146536,176
313.532848,446,11263.212816,176
315.02425,461,11283.95679,176
267.3074,395,11301.682425,176
306.639451,448,11321.833245,176
218.939986,331,11336.602473,176
284.745509,431,11355.916869,176
273.983538,396,11373.718394,176
340.273855,496,11395.962809,176
294.044176,419,11414.842862,176
302.989913,439,11434.456844,176
255.815392,367,11450.842373,176
291.44032,423,11469.576756,176
82.224997,119,11474.840804,176
301.592494,449,11494.696481,176
290.618926,426,11513.594254,176
291.843801,441,11533.046464,176
299.117839,446,11552.892674,176
328.724352,487,11574.758765,176
299.680691,454,11595.098834,176
307.931009,469,11615.80088,176
303.002728,453,11635.902513,176
306.511577,446,11655.936836,176
284.07679,424,11674.9345,176
280.886302,416,11693.416896,176
281.753825,420,11711.953346,176
272.20949,422,11730.701541,176
324.53394,485,11752.484783,176
285.343369,433,11772.038616,176
302.16341,431,11791.305047,176
281.658423,433,11810.66895,176
312.467145,469,11831.562592,176
276.970065,402,11849.338554,176
302.913885,436,11868.642346,176
268.55854,394,11886.034676,176
324.013823,484,11907.428916,176
306.968893,443,11927.342633,176
282.031242,425,11946.403441,176
307.238985,469,11967.315291,176
316.980067,485,11988.742575,176
280.884167,403,12006.598386,176
304.012927,465,12027.14956,176
259.219989,385,12044.140617,176
293.72885,419,12062.954563,176
301.364819,435,12082.458316,176
104.153477,164,12089.794585,176
295.859339,447,12109.676721,176
283.650563,433,12128.834363,176
292.102837,444,12148.697346,176
318.756813,457,12169.276979,176
324.834909,464,12190.049403,176
299.250921,448,12210.158756,176
327.763382,470,12231.256881,176
338.84991,500,12253.552972,176
295.179902,422,12272.466269,176
335.665333,483,12293.923981,176
350.006545,502,12316.124877,176
353.955344,485,12337.901549,176
343.369448,504,12360.522484,176
256.683426,363,12376.770591,176
296.824837,430,12396.000768,176
342.735372,497,12418.324795,176
248.120201,362,12434.376857,176
281.178994,426,12453.244831,176
310.282019,435,12472.648785,176
307.583253,443,12492.468784,176
253.404821,384,12509.650285,176
287.785528,422,12528.480806,176
312.901173,465,12549.342388,176
314.330465,456,12569.446593,176
280.602358,410,12587.564729,176
302.52556,436,12607.08229,176
303.981147,439,12626.733333,176
294.677374,427,12645.824692,176
280.137859,451,12666.012963,176
296.07865,426,12685.024814,176
305.421444,458,12705.604848,176
311.737962,465,12726.431118,176
300.124248,442,12746.028719,176
308.468389,455,12766.126471,176
318.09769,453,12786.314921,176
319.968279,481,12807.930531,176
298.434217,439,12827.64709,176
313.739389,461,12848.352768,176
265.458179,383,12865.502806,176
316.534161,450,12885.602667,176
323.632972,467,12906.634616,176
303.065327,446,12926.518612,176
290.293173,453,12946.928833,176
311.379522,456,12967.214559,176
292.937566,423,12986.154572,176
314.884285,439,13005.902147,176
332.632202,464,13026.824025,176
271.813794,397,13044.548847,176
285.13153,412,13063.018819,176
323.91941,477,13084.34871,176
255.261175,386,13101.528801,176
313.510806,447,13121.684844,176
308.769548,456,13142.028773,176
306.564475,439,13161.618423,176
302.285605,444,13181.478551,176
302.110558,449,13201.720818,176
305.281696,458,13222.214798,176
304.906833,461,13242.814524,176
291.715343,447,13262.638468,176
307.081749,445,13282.6424,176
282.399336,457,13303.034529,176
303.615472,436,13322.446935,176
310.235919,455,13342.836902,176
312.4322,444,13362.7145,176
310.378454,446,13382.550622,176
291.593936,411,13400.936731,176
319.098476,479,13422.334534,176
260.230094,372,13438.886798,176
322.959939,471,13459.90249,176
285.386222,419,13478.578739,176
311.601652,471,13499.54475,176
276.839192,418,13518.266478,176
300.768683,464,13538.986496,176
64.294439,111,13543.93037,176
264.821619,386,13561.190413,176
299.655262,446,13581.01047,176
311.680752,455,13601.498597,176
308.825509,457,13621.882806,176
290.828108,430,13641.026479,176
282.252686,438,13660.560819,176
304.501487,439,13680.202408,176
305.196112,449,13700.258566,176
297.118354,450,13720.636858,176
289.232913,423,13739.704835,176
292.558889,435,13759.106457,176
36.39131,66,13762.026417,176
292.493457,442,13781.742429,176
304.68837,444,13801.568848,176
283.07056,424,13820.600986,176
319.245801,453,13840.710508,176
323.416405,456,13861.316858,176
299.000025,445,13881.242456,176
292.218525,423,13900.168759,176
273.307961,412,13918.510561,176
288.221756,427,13937.794482,176
291.231652,434,13957.262546,176
304.134967,430,13976.628754,176
306.85057,453,13996.828845,176
303.770686,447,14016.654544,176
287.833757,408,14034.934434,176
310.766843,464,14055.88869,176
293.681541,457,14076.152896,176
292.20098,432,14095.244702,176
163.584979,249,14106.354365,176
293.175763,429,14125.624839,176
299.943021,435,14145.078598,176
324.225234,472,14166.216797,176
293.37782,437,14185.70878,176
309.922881,443,14205.562435,176
330.7086,472,14226.592792,176
321.436308,455,14246.994483,176
315.022159,448,14267.169259,176
289.834413,413,14285.498411,176
266.86007,370,14302.082501,176
325.954566,500,14324.442591,176
309.012166,442,14344.138263,176
287.083468,417,14362.736707,176
295.321488,447,14382.696837,176
297.119498,447,14402.690494,176
308.88179,451,14422.894501,176
297.436411,430,14442.188764,176
301.669891,429,14461.288587,176
284.238101,429,14480.417242,176
263.887905,412,14498.868762,176
287.002082,448,14519.028787,176
293.65986,429,14538.122771,176
314.507165,449,14558.242375,176
286.273129,410,14576.458574,176
315.32411,458,14596.946423,176
302.815873,442,14616.920829,176
267.020778,405,14635.012771,176
279.983573,423,14653.806589,176
318.86639,458,14674.302484,176
299.727317,426,14693.314536,176
316.360689,447,14713.294415,176
295.885426,419,14732.008809,176
284.704779,441,14751.758602,176
236.494246,335,14766.784791,176
307.36458,447,14786.771373,176
292.888363,404,14804.764838,176
304.596851,443,14824.61676,176
304.134662,438,14844.340855,176
304.285771,445,14864.297338,176
304.353246,446,14884.184918,176
277.974231,425,14903.230602,176
301.795869,453,14923.398475,176
302.764552,441,14943.076843,176
68.746596,111,14948.046459,176
317.686152,469,14969.024747,176
330.312694,487,14990.750516,176
321.692871,453,15011.024841,176
241.030714,361,15027.178557,176
244.330761,365,15043.437224,176
259.319372,389,15060.756817,176
291.223183,422,15079.670597,176
277.432913,430,15098.910534,176
206.345274,315,15112.884727,176
303.495291,456,15133.380874,176
279.966346,438,15153.004826,176
288.589218,428,15172.126621,176
294.326682,447,15192.148824,176
307.264165,463,15212.928689,176
305.99383,459,15233.330496,176
301.971021,438,15253.070539,176
243.033391,369,15269.538421,176
312.519287,457,15290.070464,176
312.988061,454,15310.444912,176
287.049609,457,15330.706479,176
281.959203,429,15349.966707,176
297.063996,440,15369.696856,176
313.118405,441,15389.662526,176
294.923634,431,15408.876863,176
319.627704,467,15429.960824,176
317.132671,454,15450.418303,176
307.647607,458,15470.920784,176
295.718137,458,15491.442508,176
246.639603,358,15507.554666,176
301.589982,439,15527.346592,176
305.17898,447,15547.712915,176
67.384862,97,15552.110387,176
319.945561,456,15572.872806,176
280.74972,411,15591.340821,176
301.147355,445,15611.360783,176
334.344019,483,15633.31444,176
296.830688,434,15652.832884,176
250.018274,361,15669.092815,176
47.835611,78,15672.590547,176
286.135694,433,15692.345015,176
288.181174,442,15712.474491,176
311.751887,465,15733.380836,176
303.263747,451,15753.842577,176
313.508025,459,15774.702913,176
282.796436,412,15793.184726,176
299.052339,438,15813.066452,176
283.323915,409,15831.470254,176
295.451897,431,15850.75855,176
290.979244,426,15869.730595,176
302.72383,453,15890.134496,176
291.489767,425,15909.340862,176
274.217569,406,15927.33862,176
295.378043,437,15946.918562,176
301.417349,451,15967.410865,176
279.336361,416,15986.254586,176
300.259944,443,16006.172744,176
299.556591,428,16025.294472,176
250.185026,378,16042.310417,176
279.902947,422,16061.321235,176
311.190127,463,16082.282449,176
336.794271,466,16103.204937,176
300.734038,434,16122.690406,176
321.905395,484,16144.370579,176
302.513364,440,16164.214476,176
286.187099,422,16183.174474,176
296.495023,447,16203.170514,176
303.607063,451,16223.63684,176
318.209857,455,16243.952686,176
287.99617,420,16262.745221,176
278.940492,400,16280.822543,176
316.825223,460,16301.506529,176
313.299517,450,16321.740903,176
307.442705,459,16342.514471,176
287.585903,418,16361.230831,176
312.482481,447,16381.210716,176
288.978733,416,16399.738275,176
315.602675,458,16420.262458,176
258.068243,386,16437.5664,176
333.426091,486,16459.220763,181
304.584646,452,16479.512808,181
261.95449,377,16496.432838,181
278.726995,441,16516.2168,181
54.595502,91,16520.300764,181
239.535894,379,16537.330477,181
301.704677,443,16557.226506,181
273.912264,400,16575.116653,181
320.94081,471,16596.236801,181
295.05118,436,16615.542481,181
250.772692,373,16632.242754,181
282.780723,430,16651.564663,181
252.532016,386,16668.641198,181
297.033268,439,16688.352894,181
313.072953,463,16709.108858,181
307.572367,435,16728.754651,181
301.83471,443,16748.540807,181
299.508269,438,16768.081824,181
292.476537,431,16787.558547,181
302.996935,452,16807.770433,181
293.694101,419,16826.644851,181
289.719291,437,16846.306503,181
306.75602,470,16867.386479,181
222.172054,343,16882.752703,181
298.675698,429,16902.05063,181
292.962045,431,16921.464682,181
289.170309,416,16939.922448,181
290.054809,418,16958.626871,181
284.711697,427,16977.716802,181
284.489099,406,16995.942374,181
279.711174,417,17014.758435,181
297.14095,433,17034.061172,181
286.220049,440,17053.888713,181
286.706959,414,17072.208641,181
303.366064,432,17091.756919,181
278.136771,406,17109.916819,181
278.122499,391,17127.418476,181
304.874586,460,17148.048809,181
297.190427,431,17167.268786,181
274.938974,433,17186.758612,181
291.799673,422,17205.796817,181
292.347249,431,17225.238495,181
283.164863,430,17244.745142,181
302.378976,438,17264.206438,181
276.508222,396,17281.896774,181
287.672823,410,17300.3212,181
274.187558,413,17318.822544,181
300.934445,436,17338.478758,181
284.333797,418,17357.124726,181
290.852978,424,17376.336909,181
281.195683,404,17394.368773,181
287.596533,413,17412.892817,181
268.629773,412,17431.390491,181
305.028053,418,17450.018455,181
265.674886,402,17468.02661,181
296.101301,424,17487.094536,181
287.306636,422,17505.878476,181
260.53625,390,17523.228782,181
266.42886,399,17540.982535,181
267.90388,415,17559.568823,181
278.487268,406,17577.804954,181
301.45166,426,17596.864704,181
281.416987,429,17616.006501,181
287.386573,417,17634.504823,181
262.455789,412,17652.998513,181
276.227782,403,17670.986501,181
295.671092,414,17689.560767,181
270.803286,391,17707.040775,181
283.478174,411,17725.434529,181
256.395647,382,17742.514321,181
287.468893,417,17761.092769,181
296.191009,444,17781.094602,181
290.589582,407,17799.258462,181
292.089865,429,17818.374443,181
275.200545,412,17836.818565,181
274.489458,401,17854.868785,181
239.028482,357,17870.892868,181
98.405283,138,17877.066547,181
282.532451,403,17895.264772,181
300.827926,430,17914.646542,181
300.047646,457,17935.066504,181
272.209034,379,17952.102592,181
269.633455,384,17969.386571,181
287.490911,403,17987.392832,181
321.775073,468,18008.488719,181
280.04461,420,18027.242445,181
301.562008,440,18047.078737,181
212.593145,319,18061.377406,181
275.366011,400,18079.388735,181
283.931521,422,18098.318528,181
194.236682,270,18110.484889,181
307.301561,448,18130.433142,181
262.980363,387,18147.88648,181
306.707056,440,18167.474602,181
281.827774,427,18186.510483,181
294.76976,435,18206.056833,181
296.087906,435,18225.722915,181
287.565546,414,18244.232795,181
277.685035,411,18262.658854,181
291.347932,419,18281.462472,181
289.252973,418,18300.242559,181
269.004337,409,18318.612877,181
320.882781,460,18339.330473,181
259.455315,385,18356.598501,181
282.938072,427,18375.734516,181
297.224959,441,18395.440901,181
286.129283,407,18413.726632,181
283.390564,442,18433.592784,181
285.698536,420,18452.384934,181
278.212876,401,18470.316805,181
298.371921,442,18490.264901,181
73.074491,118,18495.505272,181
320.404883,480,18517.048887,181
261.056074,392,18534.52882,181
242.313699,347,18550.064753,181
309.109129,444,18570.024852,181
296.83868,434,18589.338541,181
311.010789,438,18608.92485,181
268.303705,398,18626.858896,181
296.084126,443,18646.733212,181
245.299502,359,18662.886528,181
298.426939,439,18682.602556,181
66.653091,109,18687.54261,181
275.061648,401,18705.777234,181
270.044678,389,18723.286518,181
272.756671,402,18741.352781,181
274.547689,404,18759.406776,181
299.751025,421,18778.350553,181
305.631684,446,18798.348742,181
244.538188,349,18814.156865,181
300.261775,446,18833.902312,181
291.521436,428,18853.124809,181
264.96238,383,18870.30524,181
266.784742,383,18887.473304,181
99.179799,154,18894.310464,181
286.623952,410,18912.57344,181
292.849662,414,18931.110457,181
291.720754,437,18950.892681,181
264.288334,387,18968.284827,181
287.496617,437,18988.010593,181
281.487695,404,19006.122603,181
280.299796,426,19025.240721,181
281.509948,426,19044.294384,181
311.510332,457,19064.644879,181
258.478128,377,19081.450403,181
289.246415,410,19099.702339,181
216.978054,321,19114.044923,181
284.08042,433,19133.422375,181
278.876149,407,19151.678401,181
274.188678,407,19169.852831,181
286.075893,430,19189.232827,181
209.513446,299,19202.670249,181
265.78039,397,19220.550746,181
288.478823,443,19240.432775,181
282.070367,410,19258.682481,181
286.635067,447,19278.700689,181
280.15393,414,19297.124704,181
246.446222,385,19314.412832,181
293.887773,437,19334.004886,181
290.091792,437,19353.722521,181
281.31739,419,19372.298495,181
298.187783,461,19392.822852,181
295.272985,430,19412.182438,181
300.825793,438,19431.878525,181
263.401289,385,19449.052827,181
92.269428,129,19454.83104,181
292.44192,449,19474.968752,181
303.038206,444,19494.90249,181
277.155594,405,19513.108646,181
301.964069,461,19533.796633,181
287.114122,416,19552.464775,181
202.877975,293,19565.4328,181
283.042577,417,19584.144696,181
253.542675,391,19601.660703,181
271.246664,385,19618.96638,181
294.866687,429,19638.118602,181
280.616632,408,19656.312728,181
316.391003,445,19676.142527,181
275.336816,410,19694.574591,181
305.470462,448,19714.634522,181
291.729675,426,19733.740658,181
296.366437,428,19752.930474,181
295.045456,444,19772.774502,181
283.547221,406,19790.862792,181
282.783152,405,19809.088713,181
267.890323,387,19826.238444,181
296.176619,441,19845.990641,181
290.046789,418,19864.654547,181
284.038787,414,19883.216802,181
281.475149,414,19901.716775,181
263.139707,386,19918.94085,181
278.061228,422,19937.896903,181
294.333213,420,19956.628891,181
310.68404,448,19976.845996,181
313.659101,439,19996.566572,181
277.086867,398,20014.446493,181
296.016447,425,20033.554469,181
242.99952,351,20049.126346,181
305.65011,446,20069.056836,181
299.914069,447,20089.066519,181
274.770423,403,20107.372667,181
314.031097,461,20128.084886,181
304.768363,443,20147.95428,181
284.28465,418,20166.72888,181
338.947762,499,20189.21842,181
228.335761,330,20204.012794,181
292.763024,460,20224.549298,181
269.744573,428,20243.888817,181
288.091099,427,20262.998514,181
285.352283,421,20281.650582,181
298.736508,437,20301.168844,181
313.503378,465,20322.080843,181
304.323655,435,20341.528931,181
189.115357,273,20353.845266,181
302.15783,442,20373.586774,181
263.111157,389,20390.946405,181
327.453653,483,20412.624903,181
311.846759,463,20433.332074,181
309.032427,451,20453.598553,181
299.154938,455,20473.996655,181
278.814286,406,20492.358553,181
297.840432,436,20511.898233,181
63.730961,94,20516.07124,181
308.413629,459,20536.626484,181
317.12886,479,20557.930529,181
288.827804,425,20576.914353,181
291.538015,442,20596.704861,181
288.886983,433,20615.936885,181
201.308648,323,20630.452797,181
269.591284,418,20649.10081,181
298.453516,440,20668.834594,181
268.781637,400,20686.64677,181
266.061788,399,20704.56654,181
307.072307,457,20725.054678,181
146.817634,215,20734.622499,181
318.801565,490,20756.48655,181
295.983075,446,20776.558852,181
278.091515,407,20794.909907,181
313.243082,444,20814.7808,181
283.342177,402,20832.718503,181
326.728551,465,20853.602868,181
311.698238,453,20873.74182,181
304.145677,449,20893.682421,181
297.151985,441,20913.541325,181
283.884818,427,20932.82879,181
330.1491,479,20954.392868,181
297.019438,441,20974.23843,181
317.982333,463,20994.922428,181
288.065334,435,21014.426458,181
272.461917,401,21032.432845,181
313.137548,447,21052.454453,181
304.812376,450,21072.590385,181
286.563358,429,21091.870457,181
300.304724,441,21111.544774,181
298.207809,440,21131.366633,181
343.905324,497,21153.558654,181
307.743583,444,21173.414592,181
285.359329,410,21191.937206,181
273.90566,409,21210.238388,181
282.496109,436,21229.786523,181
278.708453,415,21248.24644,181
291.102358,431,21267.478926,181
327.942087,464,21288.326485,181
312.951788,441,21308.134439,181
301.395571,439,21327.850516,181
69.554762,101,21332.382502,181
293.91795,423,21351.434473,181
286.081956,421,21370.33075,181
289.939464,421,21389.094551,181
281.358405,423,21407.98476,181
261.598415,379,21424.818387,181
192.689648,269,21436.809222,181
272.985624,413,21455.202894,181
274.382198,414,21473.736898,181
288.294169,415,21492.278546,181
280.726697,413,21510.718449,181
280.629096,406,21528.970503,181
278.263542,426,21548.112786,181
273.628149,387,21565.436764,181
292.715099,423,21584.26476,181
286.045315,414,21602.748698,181
263.437404,401,21620.840812,181
288.030034,406,21639.148837,181
271.801526,391,21656.814394,181
288.489251,412,21675.246562,181
292.068693,430,21694.396734,181
287.343451,406,21712.754635,181
271.342862,418,21731.462314,181
276.593267,412,21749.930463,181
271.573136,394,21767.496774,181
281.575551,415,21786.112785,181
273.337775,409,21804.450338,181
284.989544,415,21823.160728,181
283.948181,423,21842.16079,181
278.030216,421,21861.016768,181
288.181399,427,21880.172851,181
260.888904,370,21896.652789,181
280.412506,402,21914.600921,181
296.079864,430,21933.770785,181
285.143106,421,21952.604819,181
294.162894,425,21971.670475,181
270.626118,403,21989.722373,181
272.751517,400,22007.694556,181
261.399046,396,22025.514305,181
64.843856,96,22029.808644,181
275.380836,422,22048.834481,181
288.140219,407,22067.300695,181
293.708651,406,22085.468701,181
273.409777,414,22103.972718,181
270.011711,397,22121.698406,181
281.223177,401,22139.766352,181
286.311367,416,22158.34076,181
263.299743,388,22175.638472,181
216.000683,311,22189.668769,181
84.790993,127,22195.346348,181
277.510428,395,22213.173171,181
307.799882,439,22232.922799,181
269.85091,402,22251.022481,181
291.064872,422,22269.866519,181
270.27762,380,22287.061859,181
286.3713,406,22305.168825,181
276.523477,393,22322.918469,181
307.977359,430,22342.240762,181
308.547779,447,22362.242775,181
289.301445,433,22381.710483,181
78.239287,111,22386.652729,181
302.650447,436,22406.296873,181
304.832727,451,22426.538682,181
291.703826,417,22445.190763,181
290.882611,429,22464.446468,181
311.639815,444,22484.168825,181
281.574333,411,22502.504902,181
301.45187,440,22522.284776,181
299.900049,423,22541.230438,181
215.399146,307,22554.958567,181
288.213069,431,22574.342414,181
226.238848,341,22589.556678,181
296.452528,423,22608.69673,181
304.630316,449,22628.666578,181
295.377947,435,22648.066382,181
300.263295,449,22668.038335,181
237.280379,355,22683.862824,181
298.458567,422,22702.964849,181
305.191223,464,22723.618496,181
288.584833,442,22743.446483,181
278.262301,402,22761.502269,181
301.51138,438,22781.078503,181
290.930728,437,22800.637135,181
296.135234,418,22819.268723,181
302.674842,433,22838.686519,181
292.393958,435,22858.200857,181
62.001308,85,22862.052826,181
293.333116,426,22881.118541,181
227.728837,321,22895.558498,181
284.018974,407,22913.708714,181
63.47247,89,22917.694563,181
323.64353,447,22937.614509,181
314.692005,487,22959.326756,181
279.131402,420,22978.324743,181
316.16562,490,23000.537196,181
290.301901,404,23018.562448,181
261.766017,378,23035.720784,181
311.398143,451,23055.980782,181
294.720048,424,23074.890644,181
304.546147,447,23094.902425,181
270.135372,404,23112.978587,181
291.530702,441,23132.82696,181
302.274734,426,23151.960896,181
270.786475,384,23169.054662,181
277.053307,427,23188.080738,181
323.105153,442,23207.906872,181
316.363317,448,23228.10882,181
305.604716,447,23248.160796,181
304.163263,456,23268.474343,181
329.044631,478,23289.846545,181
327.485723,464,23310.806456,181
299.45054,434,23330.220787,181
275.722062,412,23348.662508,181
276.143881,419,23367.436901,181
297.220403,452,23387.635016,181
286.353929,416,23406.292669,181
306.002634,431,23425.566512,181
312.132568,456,23445.90877,181
301.83596,423,23464.750405,181
299.220634,426,23483.928741,181
289.050199,421,23502.682619,181
302.822223,433,23522.000708,181
70.208002,104,23526.686518,181
292.468566,432,23546.07439,181
325.222448,482,23567.758446,181
318.806309,481,23589.294871,181
293.541484,429,23608.538837,181
303.622976,433,23628.042439,181
301.266731,427,23647.248785,181
244.549505,359,23663.356778,181
313.139702,434,23682.806479,181
305.162017,447,23702.99849,181
293.571922,454,23723.256714,181
292.898485,431,23742.450822,181
312.985,449,23762.59678,181
284.387729,430,23781.982471,181
307.54343,451,23802.086444,181
317.414679,457,23822.584864,181
300.007624,460,23843.374498,181
309.760384,470,23864.452814,181
296.228971,431,23883.714483,181
267.484756,389,23901.021257,181
323.971462,457,23921.498289,181
267.458481,390,23938.980822,181
254.622508,368,23955.39852,181
304.038281,454,23975.658698,181
297.146978,436,23995.066796,181
320.291811,479,24016.513223,181
311.056719,477,24038.026381,181
287.517342,408,24056.264778,181
297.648457,453,24076.412749,181
286.211995,431,24095.722365,181
304.14619,438,24115.404914,181
294.848623,424,24134.326362,181
291.74731,429,24153.404883,181
283.201563,409,24171.774798,181
303.848143,441,24191.440702,181
314.913928,474,24212.602403,181
316.998799,463,24233.384814,181
273.215279,415,24251.850512,181
288.924498,403,24269.968807,181
275.730934,422,24288.857236,181
290.988624,437,24308.540871,181
288.39076,409,24326.896863,181
304.385268,446,24346.938489,181
277.916635,396,24364.490826,181
90.968315,134,24370.506713,181
278.548299,405,24388.690582,181
287.937282,429,24407.972727,181
322.444144,473,24429.096785,181
228.182169,332,24443.878477,181
303.012354,434,24463.232753,181
302.558973,435,24482.72889,181
287.201707,408,24500.938752,181
307.017551,440,24520.656749,181
292.058321,434,24540.11321,181
317.828244,456,24560.354836,181
265.108057,402,24578.442603,181
316.983726,455,24598.826531,181
329.006107,478,24620.25293,181
297.869051,448,24640.322439,181
300.361385,428,24659.410357,181
296.026768,429,24678.536085,181
298.648572,429,24697.782634,181
292.994116,416,24716.472843,181
303.388404,434,24735.872834,181
295.217661,430,24755.054405,181
308.22915,452,24775.304809,181
307.036471,447,24795.402439,181
308.347172,438,24815.053187,181
297.293499,409,24833.272856,181
325.343427,452,24853.33672,181
311.796341,446,24873.234415,181
299.301401,429,24892.448678,181
280.977171,404,24910.614453,181
267.089375,372,24927.226521,181
309.54879,463,24948.106579,181
328.347124,471,24969.228842,181
316.154008,450,24989.36476,181
256.210412,359,25005.406518,181
298.953098,451,25025.664831,181
286.412589,411,25044.118495,181
304.424147,450,25064.292744,181
282.48036,418,25083.09863,181
309.833859,435,25102.648849,181
231.227893,327,25117.282691,181
308.1641,450,25137.393174,181
295.5494,438,25156.888842,181
311.018084,448,25176.970307,181
311.168695,441,25196.746763,181
310.651549,458,25217.54926,181
265.641247,390,25235.029235,181
288.169189,410,25253.410751,181
294.117944,407,25271.778464,181
317.05359,455,25292.212817,181
279.755195,388,25309.530478,181
307.967461,439,25329.076659,181
312.220124,433,25348.544746,181
290.095147,428,25367.814356,181
311.014316,447,25387.752712,181
303.438477,423,25406.712629,181
291.10013,418,25425.436707,181
313.99194,448,25445.621047,181
278.731583,392,25463.140726,181
287.419867,416,25481.662347,181
328.846661,464,25502.460679,181
306.339169,441,25522.070416,181
288.366291,444,25541.936808,181
263.004717,373,25558.474499,181
283.79103,414,25576.924739,181
311.916857,433,25596.350537,181
293.328216,414,25615.108719,181
280.037653,384,25632.506645,181
318.028751,455,25652.837193,181
297.607449,416,25671.554497,181
322.898995,444,25691.74485,181
305.098051,429,25710.906406,181
308.674379,439,25730.752728,181
296.272963,434,25750.181291,181
305.092066,444,25769.954546,181
317.408986,472,25791.182418,181
306.803302,439,25810.846557,181
293.656214,429,25830.040694,181
296.856585,420,25848.826344,181
243.903445,340,25864.045287,181
304.980628,453,25884.182435,181
297.067581,409,25902.532751,181
243.728088,340,25917.578565,181
299.0227,410,25936.036804,181
271.163847,372,25952.826615,181
307.99634,434,25972.260749,181
273.547403,372,25988.896814,181
286.26251,399,26006.77671,181
300.854522,451,26026.906496,181
341.845187,467,26047.758368,181
301.806518,429,26066.945261,181
263.560106,367,26083.374479,181
242.049699,346,26098.858453,181
311.592578,447,26118.748817,181
296.450088,449,26139.000846,181
311.439787,451,26159.242773,181
277.893353,394,26176.956787,181
254.472114,361,26193.122489,181
315.77475,443,26213.116835,181
273.509051,406,26231.384771,181
283.602529,395,26248.890243,181
249.04914,370,26265.452831,181
61.412226,86,26269.324815,181
298.428002,422,26288.160815,181
275.171262,401,26306.084641,181
296.538772,422,26325.064878,181
305.662405,448,26345.313218,181
284.520001,404,26363.39446,181
258.004002,353,26379.174455,181
301.407596,445,26399.328956,181
317.800402,449,26419.605234,181
333.735391,468,26440.449275,181
310.553006,450,26460.523459,181
297.237879,432,26479.858253,181
310.490891,444,26499.756811,181
73.118665,112,26504.808874,181
332.817543,461,26525.398439,181
288.517901,433,26544.918456,181
284.524525,413,26563.734454,181
316.622327,453,26584.182664,181
291.067828,433,26603.550877,181
306.250326,436,26623.11089,181
232.97314,345,26638.562704,181
266.445062,390,26655.908807,181
285.652861,407,26674.128799,181
306.114593,471,26695.14236,181
318.579283,455,26715.610703,181
305.422379,452,26735.746482,181
124.290106,193,26744.374451,181
308.341945,460,26764.905936,181
216.537759,361,26781.122533,181
289.958547,445,26801.073894,181
295.272433,457,26821.590485,181
276.852083,418,26840.382384,181
296.100132,421,26859.210437,181
316.085169,450,26879.342343,181
320.303377,452,26899.806449,181
302.575046,445,26919.834693,181
83.800624,119,26925.130367,181
306.027427,452,26945.512833,181
338.935398,490,26967.470333,181
309.90094,448,26987.392782,181
274.846053,388,27004.804842,181
315.39312,449,27025.03079,181
327.159957,458,27045.480794,181
313.818956,440,27065.036845,181
305.484972,445,27084.898563,181
323.787174,469,27106.008815,181
94.71508,147,27112.488798,181
305.716212,440,27132.162465,181
279.770077,437,27151.518583,181
313.795812,458,27171.958514,181
317.155496,458,27192.558451,181
304.813224,458,27213.197277,181
147.448029,211,27222.688798,181
334.57171,478,27244.026269,181
309.060587,450,27264.216794,181
304.320209,435,27283.798366,181
304.201063,431,27303.156876,181
233.764925,367,27319.66884,181
302.801614,455,27340.012877,181
298.115784,456,27360.540775,181
288.506705,409,27378.816826,181
315.258672,461,27399.218909,181
74.250755,115,27404.392805,181
327.275899,452,27424.690772,181
305.238643,433,27443.958511,181
317.795788,461,27464.69858,181
305.395667,434,27483.99325,181
301.220341,452,27504.082592,181
73.155316,109,27509.014469,181
308.065069,446,27529.11041,181
321.35984,456,27549.484741,181
313.570409,433,27569.024851,181
308.74322,455,27589.390468,181
246.410377,354,27605.202442,181
260.71548,379,27622.193223,181
324.747277,460,27642.774357,181
320.563678,449,27663.000799,181
304.1165,434,27682.46276,181
303.594761,434,27701.928853,181
323.926615,463,27722.658556,181
264.292224,392,27740.182473,181
78.533877,114,27745.249321,181
322.828491,451,27765.294461,181
262.663417,372,27781.894495,181
281.813298,397,27799.501236,181
315.097775,450,27819.588853,181
293.867641,426,27838.670416,181
313.887202,440,27858.446509,181
278.932961,398,27876.464792,181
302.52558,443,27896.192751,181
279.960694,405,27914.244669,181
304.576959,440,27934.01435,181
296.03565,417,27952.730466,181
281.769926,421,27971.692887,181
282.867865,426,27990.726372,181
309.187505,457,28011.160778,181
310.597446,447,28031.274455,181
283.538901,440,28050.936704,181
311.025392,443,28070.758405,181
289.429454,426,28089.86641,181
300.543183,444,28109.78884,181
310.811525,441,28129.465216,181
309.646506,456,28149.876818,181
299.21198,421,28168.638717,181
284.584997,409,28186.948701,181
304.396045,429,28206.140648,181
319.133273,474,28227.461271,181
305.252531,439,28247.276819,181
308.398438,452,28267.492781,181
326.252798,465,28288.422397,181
271.720352,392,28305.944814,181
269.195979,386,28323.09786,181
296.560835,428,28342.146636,181
300.922068,433,28361.620813,181
284.483011,422,28380.596884,181
288.438626,406,28398.772917,181
301.82211,444,28418.676766,181
73.988022,114,28423.808833,181
306.442679,444,28443.60254,181
288.548112,412,28462.082437,181
307.246563,449,28482.17438,181
286.457116,434,28501.701249,181
277.73741,420,28520.434446,181
307.003909,446,28540.332684,181
307.486068,450,28560.492848,181
307.039094,450,28580.674424,181
315.106445,440,28600.298415,181
281.322775,410,28618.774323,181
292.564776,428,28638.043349,181
323.531308,473,28659.198522,181
315.760424,455,28679.49844,181
303.18482,437,28699.070478,181
317.11269,453,28719.393294,181
305.90315,471,28740.388889,181
290.939135,409,28758.716741,181
308.339226,451,28778.868746,181
307.714186,448,28798.906802,181
307.23784,441,28818.556747,181
312.488787,456,28839.114448,181
295.140108,432,28858.402538,181
299.935079,431,28877.71274,181
294.468675,434,28897.092703,181
288.910223,395,28914.756811,181
281.167633,396,28932.594391,181
309.506765,441,28952.274451,181
74.11875,122,28957.718901,181
313.295686,463,28978.460887,181
318.220184,460,28999.068802,181
323.726048,453,29019.392807,181
296.115885,457,29039.774595,181
330.465728,466,29060.850439,181
263.165586,374,29077.53871,181
287.631093,414,29096.114428,181
250.335027,368,29112.578462,181
336.86813,478,29133.994624,181
296.122139,436,29153.394233,181
294.667334,447,29173.569276,181
317.758834,455,29193.92255,181
332.883058,478,29215.198505,181
311.949891,482,29236.834409,181
301.358869,431,29256.110765,181
276.016406,391,29273.528841,181
319.977718,480,29294.994282,181
83.583617,124,29300.478398,181
307.345118,444,29320.334228,181
300.186507,446,29340.356779,181
285.386197,404,29358.488767,181
324.571075,456,29378.848788,181
291.646679,441,29398.58649,181
266.519033,425,29417.632722,181
311.165373,469,29438.72227,181
305.131219,444,29458.458424,181
292.862794,418,29477.278522,181
302.2298,441,29497.06423,181
296.393272,433,29516.322423,181
294.041167,453,29536.818602,181
269.796948,421,29555.654428,181
290.798815,437,29575.132789,181
316.863335,461,29595.81705,181
296.184376,424,29614.962238,181
325.104966,452,29635.332633,181
282.083252,399,29653.136679,181
283.284983,436,29672.578424,181
314.291069,434,29691.944835,181
319.36898,459,29712.616904,181
283.156809,441,29732.290788,181
325.774938,478,29753.694492,181
337.992768,474,29775.038555,181
309.675393,476,29796.476823,181
339.313194,473,29817.650252,181
298.104735,442,29837.638466,181
336.216595,468,29858.490358,181
308.29547,447,29878.410802,181
331.198076,486,29900.090354,181
321.394313,460,29920.652896,181
325.554936,447,29940.566373,181
270.28026,391,29958.140739,181
335.830066,473,29979.228768,181
320.105576,463,29999.966545,181
285.707282,400,30017.900627,181
312.284445,455,30038.286483,181
338.142378,487,30060.106566,181
314.383639,436,30079.65443,181
318.457325,445,30099.458432,181
296.930387,446,30119.446594,181
314.310062,442,30139.254265,181
315.442591,457,30159.720788,181
264.236243,377,30176.580808,181
310.763708,440,30196.305243,181
312.378932,453,30216.684795,181
325.396769,459,30237.136786,181
305.629401,447,30257.098392,181
311.128882,447,30276.97278,181
322.819364,446,30296.72647,181
332.08242,463,30317.470529,181
335.18663,465,30338.264699,181
313.221864,440,30357.937226,181
337.023792,473,30379.01443,181
334.23119,466,30399.7929,181
353.492001,520,30423.140808,181
338.346478,479,30444.522461,181
314.22819,440,30464.176672,181
318.955899,454,30484.568811,181
288.587972,406,30502.766465,181
302.529159,430,30522.204852,181
295.957544,442,30542.026793,181
309.588726,443,30561.852796,181
308.169571,441,30581.842593,181
300.756055,468,30602.848492,181
293.136221,419,30621.60877,181
321.331069,452,30641.798524,181
300.047809,437,30661.458754,181
310.380915,442,30681.294468,181
344.432268,488,30703.154282,181
306.857073,441,30722.922565,181
300.521217,429,30742.178486,181
335.264938,485,30763.966478,181
307.148365,423,30782.954381,181
303.440566,433,30802.526386,181
307.927525,437,30822.244779,181
334.972393,464,30843.056823,181
282.580216,410,30861.34871,181
312.350882,429,30880.644752,181
306.809783,440,30900.234571,181
312.435808,445,30920.186415,181
299.151344,429,30939.382814,181
326.426008,462,30960.202513,181
301.623297,449,30980.198382,181
329.092879,465,31001.076784,181
317.203537,451,31021.234463,181
297.638411,426,31040.253152,181
330.377747,456,31060.608919,181
311.88644,429,31079.88649,181
302.352417,429,31099.312756,181
305.290003,434,31118.842386,181
278.21011,396,31136.594598,181
273.732208,399,31154.448709,181
307.425413,424,31173.445342,181
308.836025,441,31193.176863,181
312.498777,448,31213.208698,181
306.507621,436,31232.698335,181
301.106957,438,31252.374303,181
315.628959,436,31271.860782,181
328.241867,449,31291.873133,181
316.223263,476,31313.154478,181
275.984365,400,31331.245432,181
314.80895,474,31352.492881,181
300.489868,449,31372.612831,181
278.474039,415,31391.090407,181
325.431557,482,31412.622879,181
291.209173,431,31432.07051,181
311.616876,455,31452.408764,181
321.941063,446,31472.406475,181
280.8322,426,31491.510566,181
256.940107,366,31508.034428,181
322.208355,450,31528.234436,181
326.675121,467,31549.160695,181
314.335019,442,31568.948053,181
311.211132,434,31588.382472,181
299.389765,416,31607.210582,181
280.377328,435,31626.730492,181
307.552575,454,31647.098771,181
289.224956,429,31666.430449,181
310.908363,442,31686.256835,181
283.252097,408,31704.582367,181
296.651377,426,31723.720687,181
330.185884,463,31744.540829,181
315.831133,425,31763.660666,181
318.17409,439,31783.403068,181
307.56529,437,31803.05837,181
293.947633,426,31822.120748,181
277.2529,422,31841.08467,181
306.922361,442,31860.902534,181
322.922123,459,31881.670753,181
293.38981,407,31899.802453,181
306.206339,435,31919.248736,181
313.91921,449,31939.172715,181
290.195653,434,31958.568865,181
282.178176,430,31977.72466,181
329.852169,478,31999.346324,181
300.430995,404,32017.406844,181
316.907156,456,32037.900718,181
309.455921,439,32057.666722,181
283.359713,409,32075.922508,181
275.482874,398,32093.696817,181
338.547671,497,32115.982502,181
313.660161,435,32135.364806,181
326.964915,463,32156.148801,181
307.662113,429,32175.262359,181
314.350857,450,32195.422518,181
306.878055,422,32214.136739,181
341.92415,480,32235.480819,181
317.363396,444,32255.088927,181
314.800723,451,32275.464806,181
334.376836,472,32296.648759,181
221.886303,310,32310.354571,181
315.062611,445,32330.270524,181
273.395202,395,32348.036859,181
266.693322,376,32364.862441,181
271.939533,403,32382.878603,181
276.267101,395,32400.660836,181
270.485537,388,32418.130503,181
328.235466,469,32439.324888,181
302.760289,438,32458.930296,181
314.091971,437,32478.480864,181
313.395373,440,32498.246533,181
285.940057,412,32516.750794,181
308.791757,442,32536.658674,181
310.104747,436,32556.20247,181
309.58827,446,32576.234427,181
300.19451,442,32596.012897,181
315.514941,434,32615.470883,181
280.201515,404,32633.462552,181
269.70733,402,32651.520778,181
310.295199,440,32671.204612,181
358.425799,525,32694.802482,183
301.696167,423,32713.622396,183
308.172816,440,32733.283996,183
347.277213,502,32755.766478,183
318.657004,452,32775.834506,183
296.065341,411,32794.280899,183
321.367799,470,32815.376786,183
307.711508,413,32833.890456,183
324.114825,452,32854.108879,183
314.189851,443,32874.028895,183
273.109075,384,32891.18247,183
327.678036,485,32912.996701,183
291.575329,405,32931.464734,183
300.766302,448,32951.544773,183
293.693321,406,32969.968688,183
323.316011,447,32990.170559,183
268.978099,375,33006.922398,183
276.90874,382,33024.050496,183
276.577588,390,33041.478457,183
315.145744,449,33061.512817,183
330.501833,467,33082.510377,183
289.269161,412,33101.054817,183
327.547319,455,33121.472834,183
300.951925,418,33140.140718,183
297.766491,418,33158.745373,183
322.061314,453,33179.088787,183
270.304405,372,33195.646475,183
321.046678,453,33215.900721,183
310.461658,431,33235.170427,183
316.92245,442,33255.140803,183
338.898603,485,33276.658387,183
285.232393,408,33294.894376,183
310.129729,447,33315.124947,183
318.64916,440,33334.962773,183
319.938335,448,33354.988819,183
294.093701,421,33373.830477,183
294.740337,445,33393.694891,183
316.569714,458,33414.112813,183
256.850978,365,33430.490515,183
330.919218,461,33451.076724,183
299.026504,421,33469.906486,183
312.61502,449,33489.974478,183
286.358935,400,33507.82647,183
295.712364,425,33526.902936,183
321.199922,457,33547.34586,183
297.584585,430,33566.626379,183
319.43552,452,33586.878817,183
305.51955,448,33607.084748,183
323.976709,455,33627.266573,183
296.739394,414,33645.756706,183
333.443602,454,33666.172845,183
326.646528,462,33686.706618,183
338.64944,485,33708.386551,183
301.819732,425,33727.390824,183
317.655809,436,33746.689177,183
290.489958,408,33765.110474,183
328.136237,467,33785.998499,183
334.795451,497,33808.174446,183
307.014155,440,33827.976772,183
269.314453,373,33844.749139,183
322.391589,460,33865.424841,183
300.761908,432,33884.832856,183
323.390127,458,33905.234419,183
298.886038,415,33923.748835,183
319.883747,451,33943.904732,183
318.239136,443,33963.742562,183
302.006639,418,33982.55271,183
327.108137,460,34003.234435,183
323.623951,468,34024.274494,183
338.126154,475,34045.364781,183
339.246305,499,34067.738403,183
340.777706,476,34089.028768,183
331.148624,470,34109.914674,183
361.850087,511,34132.862327,187
274.822256,396,34150.634423,187
325.178109,477,34171.938443,187
315.736933,456,34192.3208,187
285.789345,409,34210.59445,187
350.212683,475,34231.850463,187
322.732968,445,34251.956761,187
308.678013,429,34271.214453,187
341.995235,488,34293.006396,187
333.875405,483,34314.680683,187
316.381518,450,34334.936797,187
323.208693,476,34356.286439,187
336.139304,468,34377.058417,187
356.582052,497,34399.488773,187
343.809414,495,34421.585282,187
338.76237,477,34442.842436,187
328.551377,454,34463.354978,187
297.828418,426,34482.474422,187
307.124217,444,34502.236645,187
311.524585,450,34522.278763,187
334.19477,461,34543.00877,187
328.542841,468,34564.236819,187
194.353422,273,34576.5305,187
320.510873,461,34597.170668,187
325.094089,459,34617.698505,187
314.410045,474,34638.889308,187
65.647553,92,34643.036788,187
333.388397,472,34664.392764,187
358.75291,498,34686.754791,187
284.253632,390,34704.302686,187
333.263501,465,34725.245236,187
348.751443,498,34747.454423,187
289.91728,411,34765.77055,187
311.444365,434,34785.206509,187
299.195926,433,34804.642438,187
330.234002,453,34825.144789,187
307.287329,436,34844.650675,187
312.994533,463,34865.437024,187
286.695544,430,34884.770465,187
308.800322,429,34903.984823,187
298.289857,417,34922.497293,187
307.405711,448,34942.572865,187
283.528284,402,34960.454492,187
332.879565,463,34981.298458,187
345.694328,479,35002.816875,187
329.053264,477,35024.186484,187
319.082166,442,35043.986494,187
298.969846,407,35062.184824,187
288.246978,400,35080.142516,187
331.636348,472,35101.348679,187
299.16999,429,35120.586402,187
332.192393,477,35141.944768,187
290.66106,401,35159.836807,187
273.466162,397,35177.666534,187
317.092884,448,35197.668782,187
283.158487,389,35215.154474,187
317.807323,447,35235.288765,187
307.886724,454,35255.610537,187
298.294074,418,35274.400835,187
316.529913,439,35293.932777,187
291.809197,431,35313.105346,187
273.232253,399,35330.966479,187
278.793214,417,35349.596767,187
269.14256,375,35366.540755,187
282.727544,399,35384.306636,187
323.975703,444,35404.362504,187
277.909589,390,35421.868858,187
304.062326,426,35440.839561,187
273.532313,378,35457.690472,187
292.4603,409,35475.997275,187
330.121004,481,35497.670526,187
281.064641,397,35515.550499,187
303.211571,417,35534.196675,187
315.281008,434,35553.676762,187
316.922885,438,35573.262432,187
314.978732,457,35593.858423,187
342.334244,481,35615.362501,187
330.254314,469,35636.23686,187
325.24359,447,35656.24635,187
321.090435,435,35675.750584,187
268.701287,374,35692.542368,187
334.837966,478,35714.094465,187
345.487689,484,35735.868837,187
259.373679,360,35751.97724,187
321.271668,468,35772.74665,187
323.324272,466,35793.532815,187
309.984648,434,35812.938461,187
307.888885,441,35832.724734,187
338.065058,484,35854.45679,187
310.135459,442,35874.032824,187
310.043442,429,35893.258523,187
344.333021,477,35914.738613,187
315.03263,442,35934.760895,187
261.924921,364,35951.134535,187
263.778466,377,35967.942463,187
301.09918,419,35986.613163,187
314.397636,448,36006.650488,187
270.589143,378,36023.542382,187
330.120566,463,36044.346677,187
307.919067,422,36063.336818,187
309.514721,441,36082.928841,187
327.428065,467,36103.840835,187
324.962216,454,36124.118677,187
332.989763,466,36145.024777,187
258.549254,365,36161.486494,187
343.249104,474,36182.954758,187
331.834083,460,36203.2988,187
326.497959,460,36223.846443,187
324.645903,451,36244.058793,187
324.78125,463,36264.940804,187
244.447482,349,36280.556808,187
269.031552,371,36297.122325,187
340.657781,479,36318.753207,187
279.558784,407,36337.014351,187
340.161651,494,36359.090537,187
316.018588,463,36379.658566,187
319.624266,451,36399.73059,187
322.765745,439,36419.320626,187
297.492477,421,36438.096824,187
285.604909,391,36455.610471,187
264.262252,366,36472.118495,187
293.560478,406,36490.318463,187
267.943236,374,36506.996835,187
284.288833,396,36524.814471,187
309.384999,432,36544.306467,187
292.486917,408,36562.476791,187
323.975495,467,36583.352686,187
295.297504,419,36602.120769,187
308.593375,438,36621.782318,187
278.003246,418,36640.474456,187
317.507369,439,36660.122427,187
317.900566,444,36679.906544,187
328.642317,483,36701.576851,187
302.39217,463,36722.168941,187
330.3102,469,36743.068666,187
299.869315,419,36761.798595,187
321.201045,452,36782.042645,187
319.885687,448,36802.052777,187
301.226153,422,36820.978426,187
331.5428,453,36841.261281,187
313.185749,438,36860.840786,187
315.280549,463,36881.494546,187
319.775999,452,36901.576806,187
278.601033,395,36919.236744,187
320.68045,464,36939.878487,187
312.065309,441,36959.604762,187
309.782826,439,36979.056869,187
313.799895,441,36998.610405,187
304.335394,449,37018.738482,187
264.766482,367,37035.406445,187
304.438163,422,37054.210396,187
254.855376,345,37069.53272,187
301.915834,449,37089.634491,187
292.123488,422,37108.70071,187
303.583651,421,37127.602535,187
305.371501,438,37147.296837,187
299.675501,427,37166.390387,187
305.964113,442,37186.176826,187
293.716343,443,37206.134484,187
301.594874,441,37225.93277,187
305.995789,435,37245.33849,187
290.234093,415,37264.076929,187
295.813135,412,37282.544775,187
286.490082,405,37300.780701,187
287.026759,416,37319.370563,187
294.283823,408,37337.721359,187
308.239892,420,37356.424828,187
313.222105,435,37375.875246,187
321.518994,436,37395.308742,187
315.07193,438,37414.800832,187
303.89879,439,37434.464772,187
296.830754,422,37453.356738,187
282.980981,411,37471.813404,187
314.539746,436,37491.376868,187
321.78455,453,37511.730559,187
297.462913,448,37531.868766,187
301.131091,428,37551.016871,187
325.95651,446,37571.086512,187
305.749786,442,37590.742488,187
300.786017,466,37611.696858,187
300.089908,421,37630.596889,187
287.842541,417,37649.372791,187
321.574687,437,37669.044789,187
264.472542,377,37685.872713,187
308.785899,438,37705.506525,187
260.796041,363,37721.816936,187
313.802885,438,37741.446802,187
316.094915,432,37760.7728,187
302.305055,435,37780.162478,187
285.581186,424,37799.298528,187
316.643675,434,37818.876878,187
295.297105,424,37837.934518,187
318.443917,446,37857.926428,187
300.819363,417,37876.578331,187
294.584111,415,37895.312704,187
294.99106,425,37914.430572,187
284.792309,417,37933.14611,187
301.042382,439,37952.870453,187
255.440766,357,37968.844727,187
283.597993,406,37987.112828,187
316.2442,447,38007.077875,187
307.717135,438,38026.662339,187
298.909192,428,38045.7968,187
310.131756,432,38065.126437,187
299.694354,421,38083.842438,187
295.818804,413,38102.47857,187
299.577953,416,38121.10483,187
306.953274,433,38140.518455,187
286.41738,415,38159.224821,187
294.862687,420,38177.974313,187
290.497771,412,38196.294093,187
82.668178,115,38201.460798,187
287.085122,411,38219.808836,187
295.219387,434,38239.43725,187
294.821011,438,38258.954513,187
300.142712,440,38278.720826,187
320.423067,461,38299.286532,187
268.972638,381,38316.454346,187
304.608576,427,38335.59083,187
316.259129,432,38355.004821,187
306.172679,437,38374.642545,187
334.760795,462,38395.333921,187
308.436589,428,38414.544779,187
326.4462,457,38435.082399,187
340.711315,494,38457.168694,187
323.270559,457,38477.538711,187
316.991806,457,38497.949395,187
337.366231,470,38519.038527,187
319.612063,449,38539.38645,187
312.35306,443,38559.192885,187
321.698354,434,38578.766485,187
292.596404,400,38596.610447,187
319.984649,437,38616.040851,187
285.602087,390,38633.308704,187
311.971595,442,38653.014467,187
319.658671,442,38673.002643,187
295.609564,403,38690.964681,187
304.273957,422,38709.902567,187
318.188886,441,38729.578484,187
320.574353,485,38751.5064,187
274.763824,379,38768.276783,187
333.799721,459,38788.66665,187
342.846847,482,38810.360825,187
338.303215,466,38831.326516,187
327.220932,444,38851.224873,187
322.761105,448,38871.290427,187
346.051181,472,38892.408775,187
300.54913,414,38910.866443,187
282.109889,389,38928.248667,187
320.800372,458,38948.810517,187
323.42142,446,38968.786894,187
304.03745,443,38988.718571,187
313.432546,445,39008.66246,187
353.208545,474,39030.000826,187
334.342971,473,39051.192696,187
337.507218,472,39072.449331,187
335.770604,466,39093.462566,187
313.539775,443,39113.522426,187
355.433132,495,39135.626526,187
322.243793,466,39156.362526,187
312.745534,424,39175.356791,187
330.369522,475,39196.686822,187
279.707664,387,39213.970511,187
312.464408,429,39233.06358,187
288.746122,402,39251.10169,187
303.675262,422,39270.136724,187
303.258804,424,39289.114812,187
290.436434,402,39307.170275,187
284.25375,398,39324.892717,187
326.909857,471,39345.964769,187
318.935101,450,39366.232799,187
310.304532,468,39387.194957,187
314.577348,449,39407.282457,187
301.422326,422,39426.12481,187
296.911372,446,39445.996698,187
334.295864,495,39467.998614,187
328.435214,470,39488.974465,187
326.540912,466,39509.856893,187
315.829766,462,39530.434697,187
324.517675,459,39550.982646,187
342.332498,487,39572.798463,187
341.982134,471,39593.893464,187
336.043747,476,39615.076815,187
314.413387,457,39635.631752,187
351.21861,490,39657.588883,187
333.687695,453,39677.872828,187
337.069904,472,39698.856957,187
293.704787,427,39717.910364,187
340.855281,468,39739.110265,187
338.83615,473,39760.366427,187
326.09369,466,39781.226437,187
322.790615,471,39802.376729,187
318.76149,463,39823.130442,187
355.142951,482,39844.616817,187
306.436316,436,39864.162451,187
292.12896,428,39883.218374,187
324.343133,481,39904.730502,187
313.387779,431,39924.012626,187
299.022883,416,39942.590395,187
337.283961,469,39963.538433,187
308.561206,441,39983.368858,187
324.129871,457,40003.810443,187
347.444591,482,40025.402874,187
346.893574,501,40047.846555,187
324.102694,452,40068.154379,187
325.617155,463,40088.848752,187
347.872985,469,40109.84651,187
349.175137,493,40132.054858,187
288.393381,408,40150.286575,187
333.969543,480,40171.868756,187
324.759927,457,40192.480932,187
319.886616,473,40213.856885,187
332.12163,461,40234.630666,187
285.15977,406,40252.750412,187
347.158432,490,40274.896809,187
323.757417,449,40294.878332,187
338.67855,470,40315.968834,187
296.390462,439,40335.548756,187
329.754475,465,40356.636885,187
319.182779,481,40378.438726,187
313.580407,455,40398.842641,187
322.941786,470,40419.912871,187
328.060904,470,40440.945236,187
314.087332,467,40462.157177,187
330.227243,467,40483.266409,187
315.996561,461,40503.892715,187
318.448577,446,40523.974522,187
323.028734,464,40544.785337,187
315.886621,443,40564.544678,187
323.689046,472,40585.762529,187
282.797805,396,40603.504796,187
353.545758,526,40626.938523,187
341.150242,497,40649.26646,187
310.017829,418,40668.060837,187
332.53347,475,40689.368863,187
314.918914,448,40709.524699,187
321.936718,463,40730.405413,187
269.678421,389,40747.836754,187
333.627103,473,40769.09843,187
315.106043,464,40789.91846,187
327.459806,464,40810.848791,187
272.168903,388,40828.318346,187
318.370332,437,40847.820654,187
324.300051,462,40868.714674,187
309.162489,445,40888.908782,187
324.05834,454,40909.652843,187
298.042538,407,40927.946795,187
319.623538,450,40948.120721,187
320.890513,449,40968.412889,187
319.306182,460,40989.2568,187
358.823304,495,41011.658586,189
303.410503,433,41031.262542,189
310.937892,428,41050.454386,189
289.445161,401,41068.566455,189
323.887376,448,41088.700804,189
323.194345,445,41108.658538,189
316.53486,440,41128.520758,189
318.243754,440,41148.150329,189
315.081242,450,41168.328736,189
320.893857,466,41189.274551,189
324.158302,466,41210.32072,189
294.897374,409,41228.697266,189
340.494644,482,41250.574465,189
339.604298,468,41271.510354,189
293.345522,403,41289.506786,189
313.810833,439,41309.190282,189
296.739274,426,41328.422511,189
335.291973,467,41349.186677,189
308.432155,438,41369.034483,189
295.968936,404,41387.156767,189
321.858537,441,41406.984869,189
333.354525,467,41427.982401,189
316.518331,457,41448.298459,189
332.448482,458,41468.836711,189
314.467168,443,41488.669829,189
325.153453,460,41509.322516,189
316.206658,452,41529.368884,189
332.288136,469,41550.336789,189
336.150138,461,41571.164669,189
298.940829,414,41589.690387,189
302.335381,434,41609.008781,189
347.897061,493,41631.099872,189
324.057716,457,41651.760777,189
337.356856,473,41673.102471,189
340.865853,463,41693.806436,189
321.27851,452,41714.182437,189
341.9423,463,41735.06884,189
317.214787,468,41755.916826,189
339.162298,483,41777.544801,189
329.506117,448,41797.578454,189
313.614928,442,41817.516699,189
327.537107,472,41838.726631,189
345.356577,490,41860.628799,189
298.275339,427,41879.980679,189
311.948567,440,41899.604788,189
312.15384,431,41918.880669,189
320.79727,444,41938.670265,189
314.22281,445,41958.486452,189
293.374362,438,41978.424683,189
324.363392,461,41999.158457,189
328.335842,474,42020.374371,189
340.376128,471,42041.49033,189
327.330119,469,42062.67853,189
310.617186,444,42082.494412,189
348.665593,490,42104.462401,189
321.556689,447,42124.570656,189
308.866096,433,42143.990568,189
332.913059,462,42164.702713,189
274.366703,379,42181.621341,189
326.14266,457,42202.040763,189
311.27795,441,42221.666419,189
311.119991,440,42241.43301,189
320.815395,443,42261.304839,189
303.502259,435,42280.656794,189
331.040095,445,42300.536768,189
306.699466,431,42319.888843,189
296.683594,414,42338.510746,189
314.28901,449,42358.67037,189
307.424122,452,42378.974482,189
331.008721,477,42400.470704,189
299.285518,409,42418.77281,189
315.298278,464,42439.532877,189
291.644145,414,42457.938472,189
286.591036,413,42476.438448,189
307.421558,429,42495.448817,189
312.15719,440,42515.134514,189
288.546633,403,42533.138465,189
303.927702,433,42552.396822,189
284.754622,394,42570.180839,189
270.484992,374,42586.94229,189
303.673794,418,42605.554436,189
328.717239,458,42625.936642,189
294.288062,393,42643.568772,189
296.021184,412,42662.141244,189
324.712703,445,42681.948864,189
324.457092,464,42702.674728,189
302.807836,435,42722.310425,189
298.761891,419,42741.030454,189
297.412261,432,42760.348817,189
328.919083,468,42781.340767,189
336.576419,457,42801.69725,189
327.982053,474,42822.922228,189
315.41576,452,42843.17783,189
249.229388,348,42858.624861,189
338.589575,461,42879.454392,189
265.740298,384,42896.618832,189
321.077273,439,42916.278434,189
283.715321,390,42933.792817,189
291.597472,409,42952.196785,189
306.337793,432,42971.450418,189
294.225082,406,42989.690501,189
323.461609,452,43009.900816,189
299.972909,401,43027.956659,189
304.223549,430,43047.146477,189
317.326294,445,43067.214485,189
314.064014,448,43087.258751,189
315.859407,446,43107.194545,189
330.061773,467,43128.305249,189
310.522633,450,43148.472767,189
309.868271,480,43170.000731,189
283.912986,423,43188.992756,189
278.251238,398,43206.754488,189
305.343746,465,43227.418494,189
297.188652,417,43246.088753,189
287.7718,414,43264.494493,189
309.351035,437,43283.948752,189
299.232221,408,43302.378479,189
295.380157,431,43321.676771,189
322.216351,461,43342.350492,189
318.323352,459,43362.948757,189
293.404574,428,43382.208912,189
328.747492,450,43402.328733,189
307.851541,422,43421.212914,189
289.965466,431,43440.43678,189
280.454486,417,43459.106492,189
300.260017,428,43478.348844,189
319.822284,440,43498.038636,189
300.074438,431,43517.500782,189
287.673857,417,43536.322836,189
310.443986,454,43556.646422,189
262.221691,361,43572.768725,189
312.946171,425,43591.766743,189
254.04715,362,43607.972178,189
330.670787,469,43629.128656,189
309.447458,454,43649.294512,189
315.602185,440,43668.986463,189
289.475109,428,43688.302509,189
286.076454,400,43706.224727,189
323.109332,448,43726.118487,189
315.238616,434,43745.512107,189
269.488357,406,43763.75277,189
345.760039,522,43787.284709,189
321.676752,451,43807.566464,189
312.175266,434,43826.930511,189
314.44147,476,43848.428868,189
323.369094,461,43869.060858,189
313.349703,439,43888.716847,189
321.10166,451,43908.948844,189
310.683334,442,43928.758458,189
338.969882,478,43950.502434,189
289.433109,416,43969.114861,189
294.296926,403,43987.18639,189
291.352334,403,44005.132788,189
314.193234,434,44024.675069,189
331.506668,460,44045.370505,189
332.969205,464,44066.330753,189
312.203431,423,44085.250791,189
280.356205,411,44103.676765,189
331.534799,465,44124.562407,189
267.966643,380,44141.552815,189
286.987149,403,44159.550768,189
296.250455,409,44177.997247,189
302.083194,414,44196.634286,189
299.398602,413,44215.112808,189
298.814047,415,44233.748701,189
270.906603,367,44250.11076,189
280.791661,398,44268.008814,189
307.213336,436,44287.37043,189
331.722056,479,44308.762738,189
345.690953,500,44331.196757,189
299.841934,427,44350.206749,189
302.346889,430,44369.502261,189
295.126889,417,44388.140735,189
334.606805,454,44408.432771,189
319.687122,448,44428.464689,189
284.260951,383,44445.660795,189
297.480108,408,44463.926362,189
283.300809,402,44481.988815,189
323.706356,443,44501.873226,189
302.666585,424,44520.980746,189
291.321476,407,44539.078387,189
312.839138,438,44558.630619,189
297.934095,419,44577.356794,189
283.449027,388,44594.806496,189
273.657615,411,44613.328759,189
320.886528,435,44632.882384,189
295.994601,410,44651.240721,189
278.855576,402,44669.234847,189
290.199487,409,44687.698498,189
302.926082,432,44706.938415,189
344.530013,493,44729.124913,189
266.635469,385,44746.316867,189
271.297697,378,44763.244843,189
298.133844,406,44781.55851,189
286.451981,410,44800.050453,189
290.216681,408,44818.46648,189
299.761878,416,44836.992955,189
